AA,Codon,Adult,Dauer,Emb,L1,L2,L3,WholeGenome
A,GCA,0.96583606,0.916179779,0.59078623,0.692838326,2.889985879,1.739841309,0.77809999
A,GCC,-0.166454498,-0.31263957,-0.425052549,-0.386685174,-0.784829732,-1.014795241,-0.638237469
A,GCG,1.76009593,0.716509102,0.274194936,0.343069252,7.296862349,3.805279262,0.059627164
A,GCT,0,0,0,0,0,0,0
C,TGC,-0.890595305,-0.933543194,-0.647663966,-0.707100671,-3.048240444,-1.383460722,-0.844249445
C,TGT,0,0,0,0,0,0,0
D,GAC,-0.341725141,-0.441983601,-0.487449313,-0.440026177,0.057111794,-0.71375056,-0.61949318
D,GAT,0,0,0,0,0,0,0
E,GAA,0.48370618,0.857409162,0.701385798,0.693489811,2.134660109,1.629193755,0.970803555
E,GAG,0,0,0,0,0,0,0
F,TTC,-0.799871472,-1.036033255,-0.774168379,-0.866779202,-3.638420022,-2.366875216,-1.096126326
F,TTT,0,0,0,0,0,0,0
G,GGA,-1.309315794,-0.670480133,-0.477541334,-0.470831302,-3.739840482,-2.967138597,-0.457937206
G,GGC,0.432423339,-0.351780371,-0.399713165,-0.224407551,2.255812952,1.534462832,-0.456614296
G,GGG,-0.105415686,0.343255026,-0.106672878,0.04525095,3.770465713,0.942704578,-0.073575105
G,GGT,0,0,0,0,0,0,0
H,CAC,-0.878401167,-0.624631267,-0.656984024,-0.594556314,-0.228953929,-1.402313114,-0.789157082
H,CAT,0,0,0,0,0,0,0
I,ATA,1.424483934,1.29033199,0.981929888,1.070062333,5.306721477,5.870554047,1.147945281
I,ATC,-0.436042275,-1.093128118,-0.659295659,-0.674552478,-1.786837816,-0.807227734,-0.942298665
I,ATT,0,0,0,0,0,0,0
K,AAA,1.038374535,1.084737684,0.941362814,0.988946442,2.908204297,3.39315619,1.30110242
K,AAG,0,0,0,0,0,0,0
L,CTA,2.094158181,0.291354719,0.295873677,0.594126855,3.654106141,2.853998048,0.573066612
L,CTC,-0.629184854,-0.744877996,-0.699413893,-0.535445079,-1.344791389,-0.760692865,-0.851580725
L,CTG,0.595447436,-0.130462549,-0.194436406,-0.015176378,2.157084362,1.21128883,-0.349533879
L,CTT,-0.774376422,-0.162279614,-0.170525584,-0.10861891,-2.348764776,-1.211607159,-0.168529356
L,TTA,1.867161579,1.531747514,0.938372904,1.350920327,3.260937259,3.858413327,1.557447361
L,TTG,0,0,0,0,0,0,0
N,AAC,-0.948300671,-0.754713893,-0.781477087,-0.798634835,-2.381690178,-2.398616313,-0.90905024
N,AAT,0,0,0,0,0,0,0
P,CCA,-2.16411383,-1.267342198,-0.781449403,-0.793996125,-8.40148464,-4.230254676,-0.891121322
P,CCC,0.42212065,-0.307416789,-0.411286788,-0.360412619,1.013942904,5.202779865,-0.599974258
P,CCG,0.179849957,-0.513655443,-0.504380984,-0.478598848,-0.15252602,1.2058375,-0.848414318
P,CCT,0,0,0,0,0,0,0
Q,CAA,-0.596149496,0.076883454,0.266365696,0.242042884,-2.373583896,-0.996577468,0.503487512
Q,CAG,0,0,0,0,0,0,0
R,AGA,0.573540672,0.781896201,0.52792981,0.54502589,1.676447255,1.466462806,0.786744101
R,AGG,1.927338749,1.433643395,0.683065063,1.013715295,8.775966599,5.434329921,0.90102159
R,CGA,1.901535246,1.019541255,0.920249133,1.048963141,5.717323273,3.628861814,1.025764733
R,CGC,-0.184983693,-0.350015569,-0.202051893,-0.231255282,0.059612274,0.322227905,-0.46134343
R,CGG,2.315322971,0.974485397,0.409947463,0.819100188,7.096901689,5.613126696,0.53342432
R,CGT,0,0,0,0,0,0,0
S,TCA,0.725784721,0.597315798,0.463933743,0.435829415,2.006158239,1.715392483,0.413767806
S,TCC,-0.3514543,-0.511938368,-0.400827025,-0.447189157,0.254094314,-0.174141964,-0.707777659
S,TCG,0.905155685,0.008195358,-0.069133492,-0.134363697,2.353284207,1.256330938,-0.499156176
S,TCT,0,0,0,0,0,0,0
T,ACA,0.939073067,0.744387908,0.446311423,0.548362797,2.058212704,1.58216576,0.512604937
T,ACC,-0.549983812,-0.563604236,-0.695170815,-0.665439773,-0.586900765,-1.134195243,-0.959055318
T,ACG,1.090363384,0.640951326,0.081789515,0.25653942,3.91181189,2.516707028,-0.134716459
T,ACT,0,0,0,0,0,0,0
V,GTA,1.021538456,0.783605028,0.369399876,0.59514325,3.492870783,2.094727633,0.612290696
V,GTC,-0.022578359,-0.611651247,-0.583091582,-0.530417362,-0.16380693,-0.533625725,-0.823671183
V,GTG,0.972659262,0.027531352,-0.111013433,-0.033695999,4.026811736,1.121764238,-0.311643518
V,GTT,0,0,0,0,0,0,0
Y,TAC,-0.753094627,-0.674511607,-0.729042454,-0.757953744,-1.552994189,-1.386451031,-0.946116033
Y,TAT,0,0,0,0,0,0,0
Z,AGC,-0.845868371,-0.848027783,-0.83369577,-0.774764348,-1.946531619,-1.516022136,-0.957925309
Z,AGT,0,0,0,0,0,0,0
