,"hermaphrodite, organism, 3-fold embryo Ce","hermaphrodite, organism, 4-cell embryo Ce","hermaphrodite, organism, L1 larva Ce","hermaphrodite, organism, L2 larva Ce","hermaphrodite, organism, L2d-dauer molt Ce"," hermaphrodite, organism, L3 larva Ce","hermaphrodite, organism, L4 larva Ce","hermaphrodite, organism, adult Ce","hermaphrodite, organism, dauer larva Ce","hermaphrodite, organism, elongating embryo Ce","hermaphrodite, organism, enclosing embryo Ce","hermaphrodite, organism, fully-elongated embryo Ce","hermaphrodite, organism, gastrulating embryo Ce","hermaphrodite, organism, late cleavage stage embryo Ce","hermaphrodite, organism, newly molted young adult hermaphrodite Ce","hermaphrodite, organism, post dauer stage Ce","hermaphrodite, organism, proliferating embryo Ce"
TGT,0.532,0.5345,0.5245,0.526,0.5275,0.524,0.5245,0.5255,0.5265,0.5285,0.5275,0.528,0.5285,0.524,0.526,0.5265,0.527
TGC,0.468,0.4655,0.4755,0.474,0.4725,0.476,0.4755,0.4745,0.4735,0.4715,0.4725,0.472,0.4715,0.476,0.474,0.4735,0.473
GAT,0.6675,0.6785,0.6675,0.6675,0.6675,0.665,0.6645,0.6675,0.669,0.6695,0.6685,0.669,0.669,0.667,0.669,0.6695,0.67
GAC,0.3325,0.3215,0.3325,0.3325,0.3325,0.335,0.3355,0.3325,0.331,0.3305,0.3315,0.331,0.331,0.333,0.331,0.3305,0.33
TCT,0.201833333,0.201,0.188833333,0.193333333,0.1955,0.1905,0.192166667,0.1935,0.194833333,0.195833333,0.196333333,0.196166667,0.196833333,0.193333333,0.194333333,0.194833333,0.195333333
TCG,0.1775,0.1785,0.181166667,0.178,0.176333333,0.180166667,0.179166667,0.179166667,0.177833333,0.177333333,0.176666667,0.176666667,0.1765,0.178833333,0.178,0.177666667,0.177666667
TCA,0.253166667,0.254166667,0.253166667,0.254333333,0.254166667,0.254,0.252833333,0.252333333,0.253333333,0.253833333,0.253666667,0.253833333,0.253666667,0.253,0.253166667,0.253333333,0.253166667
TCC,0.125333333,0.124666667,0.1245,0.124166667,0.1245,0.123833333,0.125166667,0.124833333,0.124333333,0.124333333,0.124833333,0.124166667,0.124333333,0.124,0.124,0.124166667,0.124166667
AGC,0.0975,0.097,0.111,0.1065,0.104666667,0.109333333,0.108666667,0.107166667,0.106166667,0.1045,0.104166667,0.1045,0.104166667,0.107666667,0.107,0.106333333,0.106
AGT,0.144666667,0.144833333,0.141333333,0.1435,0.144833333,0.142,0.142,0.143,0.143666667,0.144166667,0.144333333,0.144666667,0.1445,0.143,0.1435,0.143666667,0.143666667
CAA,0.6215,0.6235,0.612,0.62,0.625,0.62,0.622,0.6235,0.626,0.627,0.6275,0.6275,0.6275,0.6255,0.6275,0.628,0.628
CAG,0.3785,0.3765,0.388,0.38,0.375,0.38,0.378,0.3765,0.374,0.373,0.3725,0.3725,0.3725,0.3745,0.3725,0.372,0.372
AAG,0.4495,0.446,0.4585,0.4585,0.459,0.4635,0.462,0.4595,0.4585,0.457,0.455,0.455,0.453,0.4555,0.454,0.4545,0.4545
AAA,0.5505,0.554,0.5415,0.5415,0.541,0.5365,0.538,0.5405,0.5415,0.543,0.545,0.545,0.547,0.5445,0.546,0.5455,0.5455
CCT,0.1755,0.17225,0.16975,0.1685,0.16775,0.1655,0.16525,0.16625,0.16725,0.168,0.168,0.1685,0.16875,0.1685,0.169,0.169,0.16925
CCG,0.2155,0.215,0.23275,0.2245,0.2175,0.22725,0.2235,0.2235,0.21975,0.2175,0.216,0.21675,0.21575,0.222,0.22075,0.21975,0.2195
CCA,0.52125,0.5275,0.5045,0.51825,0.5285,0.51775,0.523,0.52275,0.5265,0.529,0.5305,0.52925,0.53,0.52275,0.524,0.525,0.52525
CCC,0.08775,0.08525,0.09275,0.089,0.08625,0.0895,0.088,0.0875,0.0865,0.0855,0.08575,0.0855,0.0855,0.08675,0.0865,0.08625,0.086
GGT,0.20025,0.1965,0.19175,0.193,0.194,0.1925,0.192,0.19275,0.193,0.193,0.19325,0.193,0.19325,0.19225,0.1925,0.193,0.19325
GGG,0.07,0.06675,0.08175,0.0765,0.0735,0.07975,0.077,0.07525,0.07375,0.073,0.07275,0.07325,0.073,0.0765,0.0755,0.07475,0.07425
GGA,0.59625,0.61125,0.59625,0.603,0.6075,0.60075,0.604,0.605,0.60675,0.608,0.6085,0.608,0.60775,0.60375,0.60525,0.6055,0.6055
GGC,0.1335,0.12525,0.13025,0.12775,0.12475,0.12725,0.12675,0.127,0.1265,0.126,0.1255,0.12575,0.126,0.1275,0.12675,0.12675,0.127
ACC,0.1705,0.17025,0.16125,0.16375,0.1655,0.16175,0.16425,0.16475,0.16575,0.16525,0.1665,0.16575,0.16625,0.16425,0.1645,0.16475,0.16525
ACA,0.3355,0.33,0.33575,0.3355,0.3355,0.33525,0.33275,0.33175,0.33225,0.33375,0.33325,0.33375,0.33325,0.33325,0.33325,0.33325,0.333
ACG,0.173,0.17375,0.19575,0.187,0.1815,0.192,0.18775,0.1855,0.18225,0.1805,0.179,0.1795,0.17875,0.18575,0.18425,0.183,0.1825
ACT,0.321,0.326,0.30725,0.3135,0.3175,0.311,0.31525,0.31775,0.31975,0.3205,0.32125,0.321,0.32175,0.31675,0.318,0.319,0.319
TTT,0.438,0.4365,0.4305,0.4275,0.4245,0.42,0.419,0.4195,0.42,0.4225,0.4245,0.424,0.4265,0.424,0.4245,0.424,0.425
TTC,0.562,0.5635,0.5695,0.5725,0.5755,0.58,0.581,0.5805,0.58,0.5775,0.5755,0.576,0.5735,0.576,0.5755,0.576,0.575
GCA,0.28775,0.2865,0.2895,0.289,0.28825,0.28825,0.28675,0.28625,0.2865,0.28625,0.2875,0.28775,0.2875,0.28775,0.28825,0.28825,0.2875
GCC,0.20725,0.2085,0.2075,0.20875,0.21,0.2105,0.212,0.21225,0.2115,0.2115,0.21125,0.21075,0.211,0.211,0.2105,0.2105,0.2105
GCG,0.13725,0.1375,0.14475,0.1385,0.134,0.13725,0.1355,0.13575,0.1345,0.134,0.13375,0.13425,0.134,0.1365,0.136,0.13575,0.136
GCT,0.36775,0.3675,0.358,0.36375,0.3675,0.364,0.366,0.366,0.3675,0.3685,0.36775,0.36725,0.3675,0.36475,0.36525,0.36575,0.366
CAT,0.5975,0.597,0.5775,0.585,0.5905,0.5815,0.5815,0.583,0.5865,0.589,0.5885,0.589,0.59,0.5835,0.585,0.5865,0.5875
CAC,0.4025,0.403,0.4225,0.415,0.4095,0.4185,0.4185,0.417,0.4135,0.411,0.4115,0.411,0.41,0.4165,0.415,0.4135,0.4125
ATG,1,1,1,1,1,1,1,1,1,1,1,1,1,1,1,1,1
ATC,0.333,0.333,0.341,0.339,0.34,0.343,0.344,0.343,0.342333333,0.340666667,0.340333333,0.34,0.339666667,0.341666667,0.341,0.341,0.341
ATA,0.109666667,0.112333333,0.151666667,0.140333333,0.133,0.149666667,0.142666667,0.138333333,0.135333333,0.133666667,0.131666667,0.132333333,0.130333333,0.139666667,0.137666667,0.135666667,0.134
ATT,0.557333333,0.554666667,0.507333333,0.520666667,0.527,0.507666667,0.513333333,0.518666667,0.522,0.525666667,0.528,0.527333333,0.529666667,0.518666667,0.521333333,0.523333333,0.525
GAG,0.3835,0.3815,0.3885,0.3875,0.3855,0.3895,0.389,0.388,0.386,0.385,0.385,0.384,0.383,0.385,0.3835,0.383,0.3835
GAA,0.6165,0.6185,0.6115,0.6125,0.6145,0.6105,0.611,0.612,0.614,0.615,0.615,0.616,0.617,0.615,0.6165,0.617,0.6165
TTA,0.086666667,0.084666667,0.092666667,0.0905,0.09,0.0925,0.091666667,0.090166667,0.09,0.09,0.090333333,0.0905,0.0905,0.091666667,0.091333333,0.091166667,0.090333333
TTG,0.229166667,0.228666667,0.2435,0.238666667,0.237166667,0.244,0.242666667,0.240666667,0.240333333,0.239666667,0.239,0.238666667,0.237833333,0.2415,0.240666667,0.240166667,0.239333333
CTC,0.193166667,0.194833333,0.185333333,0.188666667,0.189333333,0.186833333,0.188666667,0.190333333,0.190166667,0.190333333,0.190666667,0.1905,0.190833333,0.189666667,0.190166667,0.190333333,0.191166667
CTT,0.264833333,0.262833333,0.228166667,0.239333333,0.2455,0.230833333,0.235,0.238833333,0.241833333,0.243833333,0.245,0.2445,0.245833333,0.2375,0.239333333,0.241166667,0.242333333
CTG,0.1515,0.154333333,0.173166667,0.167,0.1635,0.170833333,0.167666667,0.165833333,0.1635,0.162166667,0.161,0.161166667,0.1605,0.164833333,0.163666667,0.162666667,0.162333333
CTA,0.074666667,0.0745,0.077166667,0.076,0.0745,0.075,0.074333333,0.074166667,0.074,0.074,0.074166667,0.0745,0.0745,0.075,0.075,0.074666667,0.0745
CGA,0.2445,0.242166667,0.2235,0.225833333,0.226166667,0.220833333,0.221833333,0.224333333,0.225,0.226333333,0.227,0.227,0.227833333,0.225,0.226166667,0.226833333,0.227833333
CGC,0.108166667,0.107333333,0.100166667,0.102,0.1025,0.098666667,0.100333333,0.100666667,0.100833333,0.100833333,0.101333333,0.100833333,0.101166667,0.099833333,0.099666667,0.100166667,0.100833333
CGG,0.083666667,0.084833333,0.096333333,0.092,0.089333333,0.0935,0.091833333,0.090833333,0.089,0.088,0.087333333,0.087666667,0.087333333,0.090333333,0.0895,0.088833333,0.088833333
CGT,0.244333333,0.248166667,0.215666667,0.225333333,0.230833333,0.218333333,0.222666667,0.2265,0.229666667,0.231833333,0.233,0.231833333,0.232666667,0.224666667,0.2265,0.228,0.229166667
AGG,0.053,0.0555,0.093833333,0.084166667,0.078333333,0.0925,0.087333333,0.083166667,0.080166667,0.0775,0.076,0.077166667,0.075333333,0.083666667,0.0815,0.079666667,0.078
AGA,0.266166667,0.262166667,0.270333333,0.270833333,0.272833333,0.276333333,0.276166667,0.2745,0.275333333,0.2755,0.275333333,0.2755,0.2755,0.2765,0.2765,0.2765,0.2755
TGG,1,1,1,1,1,1,1,1,1,1,1,1,1,1,1,1,1
GTA,0.14125,0.1425,0.1475,0.1455,0.144,0.14475,0.14325,0.143,0.14275,0.14275,0.14275,0.143,0.143,0.1435,0.14375,0.14325,0.14325
GTC,0.231,0.23275,0.2335,0.233,0.23325,0.2335,0.235,0.23525,0.2345,0.23375,0.234,0.2335,0.23375,0.23375,0.23375,0.23375,0.23375
GTG,0.2485,0.2405,0.26075,0.2525,0.2475,0.2575,0.25475,0.252,0.24925,0.24775,0.24675,0.24725,0.246,0.252,0.24975,0.249,0.24825
GTT,0.37925,0.38425,0.358,0.369,0.375,0.364,0.36675,0.36975,0.3735,0.37575,0.3765,0.37625,0.37725,0.37075,0.37275,0.37425,0.37475
AAC,0.38,0.373,0.3975,0.3935,0.392,0.399,0.398,0.3935,0.391,0.389,0.3895,0.3885,0.388,0.393,0.391,0.39,0.3895
AAT,0.62,0.627,0.6025,0.6065,0.608,0.601,0.602,0.6065,0.609,0.611,0.6105,0.6115,0.612,0.607,0.609,0.61,0.6105
TAT,0.54,0.543,0.5425,0.5405,0.5385,0.5385,0.536,0.5365,0.5375,0.538,0.5375,0.5385,0.538,0.538,0.5395,0.54,0.539
TAC,0.46,0.457,0.4575,0.4595,0.4615,0.4615,0.464,0.4635,0.4625,0.462,0.4625,0.4615,0.462,0.462,0.4605,0.46,0.461
,,,,,,,,,,,,,,,,,
,,,,,,,,,,,,,,,,,
,,,,,,,,,,,,,,,,,
,,,,,,,,,,,,,,,,,
"hermaphrodite, organism, 3-fold embryo Ce'",,,,,,,,,,,,,,,,,
" 'hermaphrodite, organism, 4-cell embryo Ce'",,,,,,,,,,,,,,,,,
" 'hermaphrodite, organism, L1 larva Ce'",,,,,,,,,,,,,,,,,
" 'hermaphrodite, organism, L2 larva Ce'",,,,,,,,,,,,,,,,,
" 'hermaphrodite, organism, L2d-dauer molt Ce'",,,,,,,,,,,,,,,,,
" 'hermaphrodite, organism, L3 larva Ce'",,,,,,,,,,,,,,,,,
" 'hermaphrodite, organism, L4 larva Ce'",,,,,,,,,,,,,,,,,
" 'hermaphrodite, organism, adult Ce'",,,,,,,,,,,,,,,,,
" 'hermaphrodite, organism, dauer larva Ce'",,,,,,,,,,,,,,,,,
" 'hermaphrodite, organism, elongating embryo Ce'",,,,,,,,,,,,,,,,,
" 'hermaphrodite, organism, enclosing embryo Ce'",,,,,,,,,,,,,,,,,
" 'hermaphrodite, organism, fully-elongated embryo Ce'",,,,,,,,,,,,,,,,,
" 'hermaphrodite, organism, gastrulating embryo Ce'",,,,,,,,,,,,,,,,,
" 'hermaphrodite, organism, late cleavage stage embryo Ce'",,,,,,,,,,,,,,,,,
" 'hermaphrodite, organism, newly molted young adult hermaphrodite Ce'",,,,,,,,,,,,,,,,,
" 'hermaphrodite, organism, post dauer stage Ce'",,,,,,,,,,,,,,,,,
" 'hermaphrodite, organism, proliferating embryo Ce",,,,,,,,,,,,,,,,,
