WBID,PHI_L1
WBGene00021029,1.063161969
WBGene00020242,2.424396753
WBGene00006731,0.715350926
WBGene00021134,0.899371326
WBGene00008477,0.617712736
WBGene00019995,0.907938242
WBGene00014173,1.468354821
WBGene00000782,1.699305296
WBGene00015402,0.730051577
WBGene00017032,0.780677676
WBGene00001955,0.730916381
WBGene00004153,1.812711358
WBGene00011644,0.72341603
WBGene00015398,1.034640074
WBGene00013900,0.247613385
WBGene00007723,0.383241832
WBGene00020595,1.091133475
WBGene00006372,0.685335279
WBGene00010935,1.251294851
WBGene00018232,1.05174315
WBGene00018384,1.027711034
WBGene00021876,1.516429186
WBGene00012289,0.626468122
WBGene00001760,1.295150161
WBGene00005832,0.302663326
WBGene00015408,0.34565568
WBGene00018803,0.340338767
WBGene00044482,0.340174347
WBGene00006445,0.170238584
WBGene00022386,0.820571005
WBGene00004267,1.20249331
WBGene00002265,1.346916556
WBGene00012101,1.019183755
WBGene00010001,1.481946111
WBGene00010773,0.635530651
WBGene00019177,0.786868811
WBGene00206522,0.412806302
WBGene00017149,1.22143507
WBGene00001441,0.816300511
WBGene00020192,2.176464319
WBGene00021693,0.924204051
WBGene00009389,0.269248068
WBGene00020740,0.949995935
WBGene00020714,0.946527064
WBGene00009534,0.718212903
WBGene00017582,1.446974635
WBGene00003618,0.613569558
WBGene00017762,0.490619063
WBGene00010936,0.819894195
WBGene00013923,1.533573508
WBGene00020854,1.448530316
WBGene00017233,0.589243352
WBGene00012084,0.845138073
WBGene00006980,0.874274194
WBGene00014125,1.361253142
WBGene00021897,0.76527828
WBGene00003746,0.755505204
WBGene00003528,0.849893272
WBGene00019967,0.913317561
WBGene00020777,0.44414252
WBGene00002107,1.508884311
WBGene00044073,0.608130634
WBGene00021123,1.501142144
WBGene00004114,0.95243907
WBGene00011974,1.608832955
WBGene00015002,0.485052556
WBGene00003591,1.364342928
WBGene00018268,1.022285104
WBGene00017653,0.350489408
WBGene00016052,1.651217222
WBGene00000438,0.859403491
WBGene00019858,0.855347216
WBGene00000901,1.564165354
WBGene00018760,1.922225237
WBGene00015857,0.539405107
WBGene00008027,2.200843334
WBGene00014047,0.720469832
WBGene00009865,1.110815644
WBGene00012204,0.602389693
WBGene00003003,0.366793156
WBGene00009532,0.825972557
WBGene00017430,0.655254483
WBGene00019636,0.347288728
WBGene00000017,0.580071688
WBGene00000793,0.558542132
WBGene00004023,0.47276324
WBGene00007817,1.440362096
WBGene00009619,0.750673831
WBGene00045248,0.963241339
WBGene00018538,1.87702167
WBGene00011869,4.200777054
WBGene00021446,0.489062667
WBGene00011880,1.769080162
WBGene00021116,0.872503996
WBGene00014077,0.429166585
WBGene00007840,0.258568645
WBGene00021894,1.074039102
WBGene00014006,1.876400352
WBGene00016505,1.12202847
WBGene00001837,0.774683654
WBGene00019840,1.531891584
WBGene00006825,0.967767954
WBGene00001410,0.949055672
WBGene00014233,0.66378063
WBGene00021328,1.758393288
WBGene00018730,2.162533998
WBGene00014213,2.496419907
WBGene00000934,0.53206706
WBGene00020114,0.626149654
WBGene00014848,0.664093733
WBGene00017418,0.33972156
WBGene00018204,0.549762547
WBGene00009896,1.561557889
WBGene00002055,1.755503654
WBGene00018250,0.437697947
WBGene00012794,0.618835211
WBGene00013642,0.954164207
WBGene00022004,0.388988405
WBGene00010315,0.425203532
WBGene00009380,1.072510481
WBGene00004345,1.632949114
WBGene00009805,0.340647042
WBGene00015993,0.987051785
WBGene00012019,1.180550814
WBGene00044078,0.352988303
WBGene00004878,0.817568958
WBGene00009628,2.176949739
WBGene00011824,0.738494158
WBGene00011304,1.699645758
WBGene00011069,0.798803449
WBGene00020294,0.451561749
WBGene00008952,0.332114875
WBGene00077693,1.154798031
WBGene00019717,1.238631964
WBGene00004008,1.06163609
WBGene00013639,0.860082448
WBGene00007772,0.552391529
WBGene00018514,1.030026436
WBGene00003752,1.55494988
WBGene00016997,2.133820534
WBGene00003661,1.029713988
WBGene00004811,0.813380301
WBGene00020051,0.646922052
WBGene00008886,0.478854239
WBGene00019513,1.201498866
WBGene00023408,0.918043673
WBGene00008891,0.595941246
WBGene00000219,3.252820015
WBGene00011984,1.02388072
WBGene00018886,0.764047623
WBGene00002024,1.557932496
WBGene00017513,0.778537393
WBGene00015484,0.781732976
WBGene00015107,0.342788637
WBGene00017569,0.735124826
WBGene00012759,2.513667345
WBGene00018257,0.878603816
WBGene00007041,0.896762908
WBGene00003386,0.401231855
WBGene00006632,1.562825799
WBGene00011763,0.971247494
WBGene00011227,0.945956171
WBGene00001149,1.981087923
WBGene00016894,2.105033398
WBGene00006464,1.144558072
WBGene00017600,1.013635397
WBGene00014171,0.583550811
WBGene00011060,1.299397469
WBGene00000295,0.932352543
WBGene00007260,0.862384319
WBGene00022026,0.980230451
WBGene00021171,1.259573936
WBGene00022474,0.481714487
WBGene00020767,0.814423323
WBGene00019327,1.090279579
WBGene00023498,0.643540144
WBGene00004145,0.675952017
WBGene00010575,1.356875777
WBGene00010838,0.661967874
WBGene00018221,1.339117289
WBGene00019831,1.967359424
WBGene00004912,0.907979608
WBGene00013970,0.537945747
WBGene00006475,0.523806691
WBGene00021583,0.9257918
WBGene00022100,0.662124574
WBGene00004083,0.555131555
WBGene00004776,1.081321239
WBGene00019284,0.46497798
WBGene00001453,1.465138435
WBGene00007487,0.838804185
WBGene00003567,2.220785141
WBGene00016384,0.554603875
WBGene00000038,0.802422464
WBGene00012259,0.23626934
WBGene00016310,0.250587136
WBGene00003887,0.729915798
WBGene00020229,1.426737905
WBGene00003678,1.083838224
WBGene00004349,0.400953263
WBGene00000898,0.602083921
WBGene00018376,1.094534159
WBGene00009876,0.549793541
WBGene00007525,0.65545553
WBGene00019479,0.845984459
WBGene00012783,0.94336468
WBGene00003404,0.37109834
WBGene00017675,1.70803535
WBGene00017663,0.556063354
WBGene00019619,1.757447481
WBGene00002981,0.979701519
WBGene00008100,0.457571149
WBGene00022856,1.514601946
WBGene00006615,0.887333751
WBGene00010251,0.514618754
WBGene00001709,0.560400903
WBGene00007553,0.817117155
WBGene00022781,2.008790493
WBGene00022181,1.024044991
WBGene00019263,0.477466822
WBGene00015716,0.978912532
WBGene00006811,0.691327929
WBGene00016866,1.08075738
WBGene00003605,1.399708152
WBGene00004924,1.376554132
WBGene00004316,0.734335124
WBGene00007878,1.677973866
WBGene00011226,0.826428831
WBGene00018657,1.036665082
WBGene00007664,0.389540642
WBGene00008439,0.512887836
WBGene00019436,1.193271041
WBGene00003889,1.147797108
WBGene00008610,1.601695299
WBGene00044176,0.893037856
WBGene00017597,0.879221857
WBGene00003163,1.145171165
WBGene00003166,1.006685138
WBGene00003179,0.412124038
WBGene00022175,0.491661638
WBGene00006309,0.456797093
WBGene00020390,1.124663115
WBGene00008783,0.963723361
WBGene00016845,0.601258934
WBGene00000518,0.322835058
WBGene00015245,0.288426578
WBGene00003682,0.568883657
WBGene00021237,0.23879917
WBGene00018468,0.245351672
WBGene00016150,0.812064826
WBGene00007285,0.741572559
WBGene00000403,1.440643191
WBGene00006741,1.119695902
WBGene00001444,1.118725419
WBGene00010244,1.039501309
WBGene00006701,0.521749616
WBGene00015294,0.606900215
WBGene00016838,0.784174681
WBGene00006513,0.800793231
WBGene00019904,1.075018287
WBGene00004265,0.497016877
WBGene00020317,1.34371686
WBGene00004266,1.914354205
WBGene00009729,0.824824452
WBGene00004183,1.027248383
WBGene00003178,1.146107316
WBGene00013187,0.968968928
WBGene00006779,0.964790165
WBGene00001537,0.763992906
WBGene00000166,0.507832229
WBGene00001172,1.556472778
WBGene00000020,0.982431412
WBGene00009100,0.263858199
WBGene00008890,0.282005161
WBGene00002195,0.32363078
WBGene00004123,0.936821163
WBGene00045411,0.806056499
WBGene00017834,1.318398476
WBGene00009772,1.646482825
WBGene00001462,0.961585462
WBGene00015790,1.066944361
WBGene00018564,0.668366134
WBGene00021740,1.521885633
WBGene00009050,0.840178549
WBGene00021068,1.850975156
WBGene00006749,0.862810552
WBGene00008601,0.794503927
WBGene00006527,1.028867841
WBGene00007877,1.390855789
WBGene00010731,0.55699712
WBGene00001171,0.53135407
WBGene00003043,0.441154927
WBGene00017342,1.051951051
WBGene00007604,0.864407361
WBGene00016883,0.389301986
WBGene00006614,0.268498987
WBGene00021614,1.043999672
WBGene00011212,0.657005847
WBGene00003600,1.250724316
WBGene00020930,1.350529075
WBGene00007058,1.512483716
WBGene00013111,0.448180258
WBGene00020586,0.605425298
WBGene00003561,0.967339456
WBGene00021509,0.944716215
WBGene00003965,1.432419538
WBGene00016796,0.847716928
WBGene00004347,0.99906373
WBGene00020125,0.398190945
WBGene00006863,1.774061441
WBGene00008089,1.179120541
WBGene00000976,1.554929733
WBGene00019946,0.947332144
WBGene00003408,0.722882092
WBGene00009081,0.866562426
WBGene00021167,0.661673069
WBGene00003745,0.783912241
WBGene00008926,0.917571783
WBGene00001177,0.886474311
WBGene00009512,0.962170124
WBGene00006886,1.045787096
WBGene00002210,0.421916783
WBGene00008868,0.543411791
WBGene00013222,0.48331964
WBGene00003728,0.42028293
WBGene00022200,0.58311373
WBGene00018731,1.528321385
WBGene00003907,0.92784971
WBGene00013159,1.078168988
WBGene00019847,0.838992894
WBGene00016806,0.651126027
WBGene00020279,0.981806397
WBGene00020917,0.895594776
WBGene00022060,1.472625732
WBGene00011681,1.451440096
WBGene00020137,0.453794628
WBGene00001130,1.938086152
WBGene00016499,0.583816171
WBGene00016454,0.55891186
WBGene00004735,0.749961615
WBGene00014262,1.241767287
WBGene00006586,2.480639458
WBGene00009799,0.447453231
WBGene00006705,0.888411164
WBGene00004507,0.240212381
WBGene00002978,3.669264555
WBGene00012988,0.988939822
WBGene00006742,0.711202025
WBGene00015387,0.397904783
WBGene00009957,1.031185031
WBGene00001439,0.4657287
WBGene00000092,1.075025797
WBGene00010236,1.87585938
WBGene00002123,0.444404244
WBGene00021756,0.412880689
WBGene00000277,1.704867721
WBGene00015303,0.459217846
WBGene00007486,0.699070096
WBGene00008018,0.588366747
WBGene00006064,0.516023159
WBGene00000284,1.257580042
WBGene00004925,0.488987893
WBGene00007778,1.499912858
WBGene00001116,0.176167205
WBGene00007680,0.883956432
WBGene00015434,0.433660746
WBGene00006786,1.488962531
WBGene00007389,0.386045426
WBGene00000981,0.36558646
WBGene00006792,0.254559368
WBGene00004773,0.279442012
WBGene00014214,1.020756364
WBGene00010350,0.424060255
WBGene00006412,0.554475844
WBGene00012444,1.230679989
WBGene00007414,1.269913912
WBGene00003980,1.346009851
WBGene00003564,1.089092731
WBGene00020069,0.976252377
WBGene00021808,1.183929324
WBGene00006830,0.242587835
WBGene00004184,1.543261766
WBGene00008040,1.701352239
WBGene00012989,0.865348041
WBGene00003767,1.700856209
WBGene00001374,0.419249684
WBGene00020906,0.592671394
WBGene00009393,1.017301083
WBGene00020865,1.165590644
WBGene00006754,3.315099955
WBGene00009813,1.164108753
WBGene00003602,0.709567368
WBGene00000481,0.872553945
WBGene00008885,0.352770627
WBGene00016061,0.84222132
WBGene00006739,0.703694582
WBGene00015632,0.564694762
WBGene00008366,0.493424922
WBGene00020516,0.776554644
WBGene00011337,0.885157824
WBGene00021983,0.637954295
WBGene00022078,1.264359236
WBGene00003766,1.37677896
WBGene00010795,0.620720327
WBGene00009730,1.230530024
WBGene00009888,1.864364624
WBGene00011270,0.64109385
WBGene00021439,0.726258755
WBGene00018739,0.905470431
WBGene00020695,0.87506783
WBGene00008031,0.906576514
WBGene00006589,2.863147736
WBGene00006331,1.403114915
WBGene00002163,0.280992836
WBGene00010986,0.669340432
WBGene00006823,0.286379039
WBGene00001329,1.70070684
WBGene00010028,1.43862319
WBGene00019872,0.653698206
WBGene00019779,1.49483788
WBGene00012948,0.401527315
WBGene00019347,0.713593841
WBGene00013008,0.972028375
WBGene00006784,1.136157155
WBGene00003674,0.600016117
WBGene00016269,0.83783108
WBGene00009028,0.902197957
WBGene00017422,0.707713842
WBGene00000669,4.048761845
WBGene00001581,2.372993231
WBGene00015430,0.26851815
WBGene00012544,1.051766038
WBGene00013440,0.869436979
WBGene00009396,1.012999892
WBGene00017039,0.564668417
WBGene00011433,0.809776962
WBGene00006805,0.644330859
WBGene00000069,0.306791425
WBGene00003891,3.340986013
WBGene00010290,0.802456975
WBGene00003401,1.022512078
WBGene00018405,0.929146945
WBGene00003741,0.968474865
WBGene00003626,0.211575702
WBGene00004310,0.590077162
WBGene00011382,0.524542272
WBGene00004758,0.683853388
WBGene00012125,1.248365998
WBGene00004933,0.676059186
WBGene00007409,0.486530691
WBGene00017376,1.043789148
WBGene00004911,0.358246982
WBGene00001911,3.220323324
WBGene00022271,1.549641848
WBGene00011849,1.262252927
WBGene00004902,1.790103555
WBGene00008940,1.081999302
WBGene00001515,0.629740298
WBGene00003371,3.981476068
WBGene00007517,1.194172978
WBGene00016417,0.420105666
WBGene00010661,1.528201342
WBGene00006750,0.383843362
WBGene00001502,4.022119999
WBGene00008910,0.405761212
WBGene00006747,0.865208507
WBGene00009664,2.080386877
WBGene00018214,1.563861251
WBGene00006919,2.521936417
WBGene00011590,0.433328897
WBGene00012117,0.826221526
WBGene00011292,1.090824604
WBGene00001488,1.300902009
WBGene00008656,0.417464346
WBGene00004928,0.491280138
WBGene00012853,0.871828377
WBGene00011331,0.84942615
WBGene00014871,0.645470142
WBGene00000666,2.068511486
WBGene00007666,0.700570643
WBGene00014058,1.132342219
WBGene00000103,0.720250368
WBGene00016237,0.634986401
WBGene00001851,0.925928652
WBGene00004751,1.012894034
WBGene00004207,1.099366426
WBGene00003693,0.557413757
WBGene00000983,0.577085733
WBGene00002266,2.156829596
WBGene00006441,0.624046743
WBGene00016415,1.473187327
WBGene00015413,1.585280299
WBGene00019772,1.426457763
WBGene00006636,0.465000808
WBGene00020678,1.723267317
WBGene00012005,0.972274184
WBGene00017369,0.687737823
WBGene00010572,0.926604807
WBGene00001452,1.016572595
WBGene00018400,0.458165556
WBGene00010012,0.444092602
WBGene00000074,0.827510595
WBGene00016663,0.700418413
WBGene00006384,1.350643873
WBGene00000016,0.736124516
WBGene00010947,1.063388228
WBGene00003030,0.230579242
WBGene00020994,0.899792492
WBGene00000036,0.451380342
WBGene00000088,0.556650579
WBGene00002196,1.018120646
WBGene00022391,1.360846877
WBGene00019324,0.397232413
WBGene00010796,0.639495373
WBGene00010840,0.369941771
WBGene00015293,0.536955833
WBGene00044640,1.238103867
WBGene00006753,0.367884666
WBGene00008320,0.627738476
WBGene00019827,1.444995642
WBGene00001993,1.29058826
WBGene00006808,0.493900895
WBGene00006697,1.233697057
WBGene00001648,0.598614812
WBGene00000912,0.995636106
WBGene00003660,0.782663822
WBGene00006570,0.733980119
WBGene00012016,0.370503396
WBGene00015251,1.270787597
WBGene00018729,2.368759871
WBGene00019064,1.744263053
WBGene00021561,0.47239399
WBGene00004154,0.593304098
WBGene00022712,1.56609261
WBGene00006812,0.216618761
WBGene00006712,0.322081685
WBGene00011279,0.907216668
WBGene00021820,0.753403246
WBGene00007176,1.152300239
WBGene00003519,0.707200885
WBGene00013650,1.05264461
WBGene00007856,0.385957271
WBGene00022089,2.347997904
WBGene00009574,2.017366171
WBGene00022240,0.255555958
WBGene00008443,0.876984358
WBGene00016407,0.838352382
WBGene00010918,0.793343186
WBGene00000370,1.826362014
WBGene00001137,2.642466068
WBGene00003753,0.604766011
WBGene00022423,0.712777197
WBGene00017950,0.273045003
WBGene00004202,0.958166122
WBGene00019572,1.450376987
WBGene00003635,0.614196539
WBGene00045255,0.337501854
WBGene00013104,1.041666985
WBGene00018281,0.613098383
WBGene00000616,3.126684666
WBGene00016739,1.249422908
WBGene00004032,0.168116555
WBGene00001173,1.097181916
WBGene00020230,1.121620417
WBGene00002252,0.808719993
WBGene00003598,0.663018465
WBGene00000552,2.565354109
WBGene00010813,0.53970027
WBGene00017302,0.515800178
WBGene00022014,1.453556538
WBGene00017557,1.00340271
WBGene00021281,0.718942642
WBGene00000529,0.668529451
WBGene00044650,0.540351868
WBGene00007155,1.096854568
WBGene00001592,0.689463973
WBGene00004131,0.944722831
WBGene00009978,0.476127654
WBGene00001681,1.525931835
WBGene00018036,0.901175439
WBGene00021079,0.853148937
WBGene00011400,0.584425151
WBGene00009307,1.285818338
WBGene00019844,0.882192671
WBGene00021554,1.380131364
WBGene00044467,0.339842498
WBGene00003014,0.445388705
WBGene00001135,0.69659096
WBGene00022608,1.263673663
WBGene00010416,0.779539943
WBGene00019782,1.280612826
WBGene00009917,0.464489102
WBGene00022410,0.957599699
WBGene00020703,0.890150785
WBGene00015805,0.808044136
WBGene00014074,0.520530164
WBGene00009843,0.60293442
WBGene00013934,0.929510653
WBGene00012348,0.696633101
WBGene00009226,0.498950601
WBGene00008505,2.79938221
WBGene00004045,1.034644365
WBGene00011326,0.276081324
WBGene00022284,0.534201145
WBGene00012440,0.91669935
WBGene00007226,0.723429501
WBGene00004222,0.56786257
WBGene00006791,0.641485453
WBGene00018145,2.775172472
WBGene00006957,0.407960951
WBGene00006306,0.433793366
WBGene00006656,0.348049939
WBGene00007907,0.373472095
WBGene00010043,0.581447899
WBGene00004950,0.53848511
WBGene00006587,2.489590645
WBGene00021635,0.594932556
WBGene00007016,0.588918626
WBGene00012423,0.913211703
WBGene00000553,0.749151826
WBGene00003606,0.205636695
WBGene00003378,0.295410275
WBGene00009842,0.891431987
WBGene00003517,0.930997193
WBGene00001751,0.484744221
WBGene00016916,1.776450038
WBGene00008342,0.568459332
WBGene00016809,1.118773699
WBGene00008748,0.307342887
WBGene00009738,0.455211997
WBGene00018274,0.411173344
WBGene00000037,0.6020298
WBGene00019428,0.303981751
WBGene00020909,1.264771938
WBGene00009797,0.608055413
WBGene00011815,0.492083311
WBGene00019205,0.57661587
WBGene00004945,1.266130567
WBGene00009877,0.297627598
WBGene00009660,0.901843727
WBGene00001745,1.811232448
WBGene00008932,1.025912642
WBGene00011817,0.521668494
WBGene00010425,0.905503273
WBGene00000501,0.680321395
WBGene00004993,1.786329865
WBGene00006986,1.046791673
WBGene00003370,4.13036871
WBGene00020251,0.631421685
WBGene00016610,0.587505102
WBGene00000240,1.292260528
WBGene00006585,2.347923517
WBGene00022569,0.699449599
WBGene00000150,0.575379074
WBGene00016406,0.812592626
WBGene00019160,1.424734235
WBGene00016903,0.589022398
WBGene00022797,0.339411169
WBGene00000441,0.433419347
WBGene00019143,0.73213923
WBGene00004056,0.413023323
WBGene00010480,0.500374854
WBGene00004053,1.215602756
WBGene00015551,0.764123082
WBGene00007646,1.490770221
WBGene00016197,0.952833474
WBGene00000903,1.958025694
WBGene00017644,1.289294362
WBGene00018971,1.149143815
WBGene00004856,0.573103368
WBGene00011723,0.397436589
WBGene00000089,0.926421165
WBGene00003165,0.444484532
WBGene00004740,0.423180163
WBGene00013853,0.615997136
WBGene00022389,1.057587743
WBGene00013327,0.58077234
WBGene00001052,0.621408284
WBGene00021528,0.344056129
WBGene00007492,0.891669571
WBGene00016265,0.328232348
WBGene00017478,0.603280604
WBGene00006407,0.317568392
WBGene00018639,0.530279338
WBGene00007799,0.197185054
WBGene00000900,0.8880077
WBGene00019018,0.397760034
WBGene00044603,0.546577811
WBGene00018282,0.910291851
WBGene00004346,1.405535221
WBGene00022817,1.811282992
WBGene00001189,2.007660866
WBGene00011579,0.487872034
WBGene00021473,0.690199316
WBGene00002190,2.157106876
WBGene00003861,1.261268377
WBGene00012776,0.257209063
WBGene00019435,0.658327878
WBGene00011392,1.623718262
WBGene00020506,0.351150274
WBGene00004122,1.28614378
WBGene00006575,0.629536271
WBGene00012194,0.886654317
WBGene00019249,1.079766631
WBGene00003638,0.896811664
WBGene00011639,0.54008007
WBGene00014095,3.158776045
WBGene00016860,0.82997334
WBGene00011732,0.698176265
WBGene00009058,0.469096154
WBGene00000584,1.598223686
WBGene00004276,1.654576421
WBGene00010681,1.015733719
WBGene00011445,0.564050376
WBGene00015514,3.245237589
WBGene00020884,0.668924809
WBGene00003053,2.6039114
WBGene00013136,0.765625834
WBGene00001031,1.187547326
WBGene00006975,1.006284475
WBGene00012100,0.65569675
WBGene00004038,0.506487727
WBGene00001345,0.725337207
WBGene00001623,0.468370646
WBGene00019888,0.544177592
WBGene00021534,0.662019908
WBGene00006809,0.273503155
WBGene00022139,1.106612802
WBGene00009618,0.632264733
WBGene00022366,0.581353962
WBGene00004108,0.9391976
WBGene00003778,0.492010176
WBGene00018837,0.74623394
WBGene00013732,0.737492144
WBGene00017440,0.998721063
WBGene00022664,0.539547861
WBGene00017563,1.272954226
WBGene00021597,0.596443892
WBGene00001008,0.996267021
WBGene00002881,0.261214823
WBGene00008634,0.760904014
WBGene00001188,0.321836233
WBGene00007267,1.058900714
WBGene00013515,1.380961776
WBGene00010115,0.738866806
WBGene00008820,0.840931654
WBGene00017968,0.691310644
WBGene00015263,0.701447487
WBGene00000897,0.993813336
WBGene00002149,0.506925166
WBGene00009221,1.928669572
WBGene00017979,1.429311991
WBGene00004220,0.933528721
WBGene00011684,0.5093593
WBGene00013216,0.896834731
WBGene00000135,0.194691747
WBGene00018060,1.085661888
WBGene00009801,0.512577474
WBGene00003175,1.882130861
WBGene00016677,0.430252641
WBGene00011955,0.32187596
WBGene00010910,0.390855849
WBGene00006762,1.187848568
WBGene00003680,0.403224081
WBGene00009531,1.848465323
WBGene00000111,1.272441387
WBGene00003779,0.975154161
WBGene00000998,0.880094171
WBGene00009723,1.401454329
WBGene00006495,1.415223479
WBGene00004999,3.037078857
WBGene00017775,0.633468628
WBGene00003750,1.85019052
WBGene00013643,0.624926567
WBGene00016260,0.349725395
WBGene00017426,1.888638377
WBGene00019871,0.66284734
WBGene00001518,0.383532882
WBGene00012136,0.97489059
WBGene00001182,0.803514838
WBGene00002203,0.826691747
WBGene00022518,1.287806869
WBGene00019841,0.947180033
WBGene00012216,2.720216036
WBGene00018509,0.489885449
WBGene00003903,2.199592113
WBGene00001080,0.869433939
WBGene00005003,1.501189113
WBGene00006920,1.034502149
WBGene00020732,1.794556379
WBGene00007030,0.492197812
WBGene00019298,1.646227956
WBGene00011888,0.246070489
WBGene00000899,0.582239509
WBGene00003675,0.71896708
WBGene00011522,1.38107717
WBGene00002977,0.944752991
WBGene00008915,0.749130487
WBGene00021698,0.827344775
WBGene00003480,0.589350879
WBGene00001162,0.602312922
WBGene00022167,0.604284763
WBGene00011299,0.462785423
WBGene00000223,0.448124081
WBGene00009435,0.874716997
WBGene00011680,1.488342166
WBGene00008841,1.348356843
WBGene00020784,0.287798166
WBGene00002056,1.219940782
WBGene00016507,0.830810249
WBGene00012362,0.409889728
WBGene00000383,0.478667945
WBGene00001196,1.133817434
WBGene00003151,1.469809175
WBGene00010503,0.191395998
WBGene00015172,1.073865414
WBGene00044071,0.874643207
WBGene00019166,0.296734154
WBGene00021890,0.887212276
WBGene00018518,0.766203642
WBGene00009886,0.906027973
WBGene00002207,0.851004362
WBGene00011146,0.377112478
WBGene00013921,0.650555611
WBGene00010408,0.720939517
WBGene00021152,0.338663876
WBGene00023407,1.216389894
WBGene00010113,0.328641772
WBGene00004923,0.499551535
WBGene00013708,0.523548722
WBGene00013203,0.618014097
WBGene00009930,1.204940081
WBGene00009974,1.273473978
WBGene00001915,2.1963346
WBGene00009558,0.481680334
WBGene00000233,0.370777845
WBGene00022675,0.51061362
WBGene00019403,0.949914634
WBGene00011287,0.503645062
WBGene00020508,0.78039819
WBGene00001708,0.310343802
WBGene00022743,0.816831589
WBGene00015354,1.635480642
WBGene00000006,1.133826613
WBGene00004198,0.411040097
WBGene00008438,0.304792941
WBGene00010117,1.76036942
WBGene00009164,0.571798325
WBGene00001561,1.10547936
WBGene00004013,1.384076118
WBGene00009375,0.402665883
WBGene00020208,0.651096523
WBGene00020507,2.2833004
WBGene00004364,0.925640762
WBGene00012134,0.767428279
WBGene00000022,1.32096982
WBGene00006460,0.836841106
WBGene00003620,0.212380245
WBGene00011823,1.000398755
WBGene00044698,0.682623148
WBGene00017964,1.089603424
WBGene00017193,0.892467916
WBGene00022610,1.479058981
WBGene00015350,0.731829584
WBGene00013481,1.98434782
WBGene00021909,2.065184593
WBGene00018356,0.290248483
WBGene00010794,1.96814549
WBGene00007103,0.518203318
WBGene00013902,0.435270905
WBGene00004212,0.588192582
WBGene00016044,0.626013756
WBGene00012718,0.427215576
WBGene00002992,0.276464343
WBGene00004238,0.694611669
WBGene00008819,0.364850521
WBGene00003636,1.001624584
WBGene00015220,0.312995762
WBGene00009126,1.768948793
WBGene00004173,1.837510705
WBGene00004156,3.20614028
WBGene00006752,0.413517982
WBGene00012359,1.081133008
WBGene00010724,0.450972587
WBGene00019960,0.951815426
WBGene00001494,0.470709443
WBGene00019955,1.175222039
WBGene00003756,1.916617393
WBGene00006751,1.098111629
WBGene00010790,2.000624418
WBGene00006807,0.972521722
WBGene00003613,1.167564511
WBGene00003709,1.335590363
WBGene00006363,0.31152305
WBGene00017676,0.403660744
WBGene00000415,0.453621
WBGene00006321,1.192006946
WBGene00016264,0.490471065
WBGene00021456,1.044664502
WBGene00020142,1.603052735
WBGene00011372,0.612975717
WBGene00001852,1.759330511
WBGene00003733,0.594220459
WBGene00002176,0.66469717
WBGene00003604,0.335273176
WBGene00007993,2.680639982
WBGene00013746,0.427249521
WBGene00000288,0.757023871
WBGene00013273,0.504904687
WBGene00000460,1.324224234
WBGene00012645,0.75618279
WBGene00019656,1.558805943
WBGene00008997,0.839899361
WBGene00001684,3.902539968
WBGene00008121,0.38980484
WBGene00004182,0.516084969
WBGene00000175,2.456199646
WBGene00021239,0.845802724
WBGene00001746,1.010331392
WBGene00019801,0.406849504
WBGene00022614,1.505563855
WBGene00021522,0.540908337
WBGene00012443,1.41699028
WBGene00006767,0.461483479
WBGene00004245,0.891470134
WBGene00001616,0.539458156
WBGene00003495,3.32568264
WBGene00006439,3.524017572
WBGene00004138,1.561855793
WBGene00000218,2.765445948
WBGene00003751,1.80010438
WBGene00011289,3.63425374
WBGene00002262,2.659771919
WBGene00013118,0.622314095
WBGene00021558,0.905875444
WBGene00003588,3.276073933
WBGene00014261,0.397669673
WBGene00000149,2.316724062
WBGene00018294,0.840830088
WBGene00019354,2.056497097
WBGene00000368,0.563022017
WBGene00021702,0.627812803
WBGene00016258,2.00318861
WBGene00006504,0.941296816
WBGene00008677,1.338790298
WBGene00016115,0.596456587
WBGene00016162,0.909735441
WBGene00012973,1.029512644
WBGene00019733,0.507287979
WBGene00012158,2.171689034
WBGene00018369,0.555287361
WBGene00020741,0.795112669
WBGene00015777,0.57519716
WBGene00015561,1.769032836
WBGene00004857,0.326253235
WBGene00006978,0.64518106
WBGene00015161,0.47843793
WBGene00011352,0.840878785
WBGene00002048,1.23873198
WBGene00007112,0.62040931
WBGene00009142,0.769230843
WBGene00022647,0.998659492
WBGene00004300,3.788448811
WBGene00015128,0.674011469
WBGene00016513,0.541418374
WBGene00019261,1.001401067
WBGene00019001,1.401499152
WBGene00000554,1.440333486
WBGene00018522,1.667295575
WBGene00012854,0.434559971
WBGene00006671,0.408055693
WBGene00009259,1.400630951
WBGene00003630,0.476064503
WBGene00012317,0.957472622
WBGene00003599,0.794531286
WBGene00002245,0.706317484
WBGene00011380,0.563006699
WBGene00022814,1.095209479
WBGene00003153,1.618124843
WBGene00004884,1.0970608
WBGene00019092,0.79897356
WBGene00016138,0.349928826
WBGene00015955,1.385971189
WBGene00001476,0.623621643
WBGene00022519,1.116526842
WBGene00021543,0.821866155
WBGene00012562,0.466680676
WBGene00017350,0.37168324
WBGene00006819,1.504616737
WBGene00010667,0.831674278
WBGene00000367,0.378635615
WBGene00022178,0.776135027
WBGene00007054,0.419062912
WBGene00004336,0.687798202
WBGene00001449,1.042559981
WBGene00004126,0.343901068
WBGene00006496,0.978026509
WBGene00019612,0.575046837
WBGene00003905,0.61204356
WBGene00018216,0.55662334
WBGene00011328,0.288496733
WBGene00020156,1.787814498
WBGene00002299,0.335759163
WBGene00000114,3.513749123
WBGene00044330,0.506898165
WBGene00003124,0.925176442
WBGene00012466,0.492833793
WBGene00006353,0.752914548
WBGene00018303,1.212999344
WBGene00010976,1.413451195
WBGene00004393,0.220845506
WBGene00006543,0.43484363
WBGene00012825,1.642379999
WBGene00011964,0.579750657
WBGene00001446,0.803181171
WBGene00019305,1.157687187
WBGene00007981,0.724383295
WBGene00021036,0.821889758
WBGene00010827,0.45641312
WBGene00020551,0.684454203
WBGene00013242,0.667844176
WBGene00020209,0.492868096
WBGene00004037,0.839621842
WBGene00019326,0.943984389
WBGene00001564,2.325229645
WBGene00008214,1.280311108
WBGene00003558,0.223612264
WBGene00009617,0.647425771
WBGene00011440,1.759150267
WBGene00015163,1.433165669
WBGene00022592,0.337581873
WBGene00011858,0.34552598
WBGene00000245,1.212854385
WBGene00004033,0.828680098
WBGene00003749,0.813750923
WBGene00006591,0.876853645
WBGene00011263,0.81343174
WBGene00003007,0.809665024
WBGene00011154,0.660844326
WBGene00050899,0.220553115
WBGene00017671,1.128510475
WBGene00000789,1.34964323
WBGene00018044,0.493981183
WBGene00008228,0.331287682
WBGene00003182,0.335200667
WBGene00002179,0.532325804
WBGene00015249,0.699986935
WBGene00009201,0.439891875
WBGene00021395,1.142337322
WBGene00004147,0.508672655
WBGene00020322,0.992986202
WBGene00000564,0.546447396
WBGene00014253,1.526516438
WBGene00020490,0.484452069
WBGene00021057,0.88583976
WBGene00011978,0.656489551
WBGene00008914,1.371562123
WBGene00019492,1.380106211
WBGene00002979,0.396658927
WBGene00013859,1.368033886
WBGene00010901,1.073605657
WBGene00009679,0.523195148
WBGene00001679,1.487506866
WBGene00013734,0.933223605
WBGene00012140,1.478493452
WBGene00010177,1.331100106
WBGene00016201,0.935530305
WBGene00020954,1.52913034
WBGene00019156,0.270276129
WBGene00008530,0.409111977
WBGene00006715,2.194663286
WBGene00001971,3.841471434
WBGene00007395,0.647191107
WBGene00004929,0.567400396
WBGene00010320,0.531326354
WBGene00012911,0.848768353
WBGene00000286,0.737232149
WBGene00011972,0.87174964
WBGene00000138,0.622676492
WBGene00001562,2.2217803
WBGene00000391,1.090488672
WBGene00015823,1.449813008
WBGene00004804,1.815015435
WBGene00003936,1.861480474
WBGene00004313,0.872547626
WBGene00003687,0.81054002
WBGene00000472,2.223408937
WBGene00020701,0.695176065
WBGene00016283,0.939108193
WBGene00016781,1.646607161
WBGene00019965,1.13583076
WBGene00011868,0.382744491
WBGene00021325,1.174460649
WBGene00013688,0.954473197
WBGene00021039,0.73981446
WBGene00004235,1.371087313
WBGene00002363,1.16258347
WBGene00012867,0.81523788
WBGene00006066,0.529003441
WBGene00015164,0.728294909
WBGene00006423,0.410419583
WBGene00022848,0.966884673
WBGene00010942,1.332706809
WBGene00016535,0.955337167
WBGene00017013,1.041003346
WBGene00044401,0.919439495
WBGene00018033,0.538975894
WBGene00015101,1.011900544
WBGene00022144,1.638043284
WBGene00003423,0.741290271
WBGene00010756,0.376498878
WBGene00003619,0.310796142
WBGene00004087,0.248070359
WBGene00016862,0.586810887
WBGene00015735,0.299231321
WBGene00006392,0.885501802
WBGene00001101,0.300626576
WBGene00009848,0.842210472
WBGene00017983,0.772656262
WBGene00044483,0.397111088
WBGene00016760,0.395440698
WBGene00013718,0.470246196
WBGene00007860,0.368697047
WBGene00001945,2.80001688
WBGene00013672,1.138039112
WBGene00015671,1.138274431
WBGene00007197,0.636008918
WBGene00015922,0.681604862
WBGene00006770,0.520419896
WBGene00019489,1.574163914
WBGene00001519,0.423730731
WBGene00021895,1.292869329
WBGene00007405,0.485008299
WBGene00022745,1.952717304
WBGene00001803,1.437923312
WBGene00000268,0.969073236
WBGene00006759,1.490574002
WBGene00007931,0.509750247
WBGene00020838,0.648044348
WBGene00017166,2.738826275
WBGene00008266,0.567918539
WBGene00003834,1.202225447
WBGene00009057,0.781713068
WBGene00017724,1.458164334
WBGene00007857,0.534654438
WBGene00004284,1.28617847
WBGene00012097,1.593138814
WBGene00004858,0.227638155
WBGene00012404,0.619662344
WBGene00013227,0.645894825
WBGene00001450,1.103935361
WBGene00010902,0.34881711
WBGene00017772,2.177063227
WBGene00000237,0.60387367
WBGene00000066,4.637758255
WBGene00004432,4.570976734
WBGene00001994,0.998662114
WBGene00004135,1.026862741
WBGene00002335,0.989889681
WBGene00021080,1.02612257
WBGene00008777,0.798028946
WBGene00003627,0.348366469
WBGene00020577,0.486678302
WBGene00010730,0.866393983
WBGene00011128,2.192625523
WBGene00044065,0.422543585
WBGene00013434,0.861442566
WBGene00001395,0.649177611
WBGene00006479,1.618565202
WBGene00000510,1.040750027
WBGene00012659,1.167136431
WBGene00013499,0.667198718
WBGene00004739,0.929687738
WBGene00000199,1.259349823
WBGene00015418,0.375072986
WBGene00004271,1.482399821
WBGene00006769,1.037764192
WBGene00022635,0.444054693
WBGene00001649,0.619030297
WBGene00012130,0.782671213
WBGene00021043,3.023942232
WBGene00003625,0.273766577
WBGene00008233,0.824608445
WBGene00009920,0.712913811
WBGene00007707,0.695180774
WBGene00016734,0.343004316
WBGene00018637,1.256924272
WBGene00017288,0.47340548
WBGene00012891,0.365021616
WBGene00006634,0.793589652
WBGene00007135,0.401737183
WBGene00007302,0.466423035
WBGene00003639,0.703184307
WBGene00017900,0.808639824
WBGene00001054,0.762685895
WBGene00018018,0.420650333
WBGene00019017,2.469983339
WBGene00012471,1.899779201
WBGene00010339,1.911364913
WBGene00010700,1.046423316
WBGene00009246,1.055406332
WBGene00001145,0.369976223
WBGene00000733,3.542435646
WBGene00008555,0.599235296
WBGene00013597,1.172775388
WBGene00006766,0.674019396
WBGene00010045,0.256419688
WBGene00002074,1.233865499
WBGene00018374,0.874547303
WBGene00001493,0.295485437
WBGene00018785,0.44796443
WBGene00004788,2.186302185
WBGene00008499,1.046937227
WBGene00004921,0.366006345
WBGene00009787,3.657156467
WBGene00003771,1.005314589
WBGene00007460,0.684242845
WBGene00009895,1.109749079
WBGene00007651,0.487223804
WBGene00000201,1.322365046
WBGene00021906,0.962727129
WBGene00003084,0.856831074
WBGene00019294,0.823680401
WBGene00012763,0.288846672
WBGene00021474,0.97623539
WBGene00000072,0.684189558
WBGene00009241,0.463986784
WBGene00009726,0.920004129
WBGene00006424,0.529404461
WBGene00017311,1.022328734
WBGene00010546,0.570567727
WBGene00000692,1.0038867
WBGene00018756,1.612036824
WBGene00000545,0.991631091
WBGene00004384,0.386681706
WBGene00017885,0.620319247
WBGene00044643,2.233084679
WBGene00003732,1.621236563
WBGene00235340,0.533815324
WBGene00001572,1.401183128
WBGene00012994,0.902961493
WBGene00010943,1.019031048
WBGene00016134,1.04291141
WBGene00018985,0.492303282
WBGene00021948,1.211366534
WBGene00008876,0.237120762
WBGene00006578,1.067510009
WBGene00002100,1.015074134
WBGene00004273,0.607869625
WBGene00013709,0.602910399
WBGene00017428,0.832425356
WBGene00009394,3.069897175
WBGene00013720,1.572142839
WBGene00006668,0.218601167
WBGene00011726,0.566556931
WBGene00006720,0.739058077
WBGene00021510,1.322926164
WBGene00010550,0.800789952
WBGene00009773,0.465722024
WBGene00008343,0.596182287
WBGene00017515,0.555955291
WBGene00018814,1.478374839
WBGene00019521,0.912193
WBGene00006478,0.370978802
WBGene00013093,0.877870262
WBGene00002078,1.447531939
WBGene00010006,0.620228589
WBGene00000480,1.201734424
WBGene00007617,1.530359387
WBGene00008951,0.959733665
WBGene00002004,0.51195699
WBGene00007474,0.640189648
WBGene00002040,0.874783695
WBGene00044260,1.348292708
WBGene00009192,1.484537125
WBGene00020806,0.48049432
WBGene00006937,0.875307262
WBGene00021423,0.68584621
WBGene00006796,0.722234905
WBGene00004367,0.774428427
WBGene00003739,1.217600107
WBGene00016792,0.345189214
WBGene00009503,1.082734704
WBGene00006917,2.689940691
WBGene00000914,0.930346668
WBGene00023404,0.948028564
WBGene00006462,0.832859516
WBGene00004169,0.514483392
WBGene00002344,1.623635173
WBGene00000509,0.488875479
WBGene00014096,1.029919863
WBGene00010070,2.151076317
WBGene00019719,1.664344907
WBGene00018869,0.764215887
WBGene00009334,0.279608399
WBGene00008239,0.334488899
WBGene00000200,1.01351881
WBGene00016716,1.264292479
WBGene00010770,0.992204487
WBGene00000527,0.237853423
WBGene00022199,1.508012772
WBGene00006352,0.514881372
WBGene00018788,0.936977744
WBGene00009023,0.405155778
WBGene00014250,0.623051941
WBGene00022306,0.67607218
WBGene00003755,0.753983915
WBGene00001615,0.16478923
WBGene00000086,0.583086252
WBGene00014021,0.272928745
WBGene00001793,1.499475956
WBGene00017887,0.474947691
WBGene00018342,1.484403491
WBGene00000282,1.869939446
WBGene00001585,0.682224035
WBGene00010050,1.265336871
WBGene00010744,1.144945383
WBGene00015048,0.655336201
WBGene00020297,1.497893453
WBGene00010868,0.451622397
WBGene00004213,0.376214296
WBGene00003597,0.670275748
WBGene00021811,0.658323526
WBGene00002987,0.665664256
WBGene00006672,1.01654017
WBGene00008032,1.339926243
WBGene00015956,1.654941678
WBGene00003040,0.677894652
WBGene00000942,1.630554438
WBGene00002264,3.682753325
WBGene00001559,0.636080205
WBGene00022358,1.099295378
WBGene00001490,0.33397603
WBGene00012085,1.984003782
WBGene00022766,0.797933638
WBGene00004892,0.48298192
WBGene00020088,0.735250056
WBGene00001680,0.400081158
WBGene00000958,0.613276899
WBGene00004927,1.95589304
WBGene00015280,0.692368209
WBGene00011282,0.905847073
WBGene00001190,0.323107272
WBGene00020030,0.476472676
WBGene00013878,0.839375794
WBGene00019185,0.960127711
WBGene00022347,1.203164101
WBGene00006431,1.267892361
WBGene00002268,1.787199378
WBGene00013550,1.041500092
WBGene00015704,0.387117922
WBGene00003654,0.403716713
WBGene00003603,0.304229081
WBGene00021810,0.621521175
WBGene00022793,1.939329386
WBGene00007882,1.331372738
WBGene00001591,0.539526761
WBGene00005647,0.662438273
WBGene00021277,1.04402554
WBGene00001224,0.354039043
WBGene00011531,0.255395561
WBGene00000458,0.936635911
WBGene00015938,0.702526629
WBGene00018187,1.48483789
WBGene00006996,0.849925578
WBGene00010828,1.21669817
WBGene00015619,0.499095082
WBGene00016234,1.146934748
WBGene00009388,1.020014882
WBGene00000214,4.624071598
WBGene00021732,1.370231748
WBGene00020391,2.427151918
WBGene00010191,0.261005312
WBGene00015868,0.523349404
WBGene00017434,0.385712713
WBGene00004277,0.945631742
WBGene00015919,0.58602035
WBGene00021020,1.031172276
WBGene00003878,0.841502786
WBGene00010806,0.495314002
WBGene00000720,2.898290157
WBGene00018710,1.02121222
WBGene00009580,1.501357555
WBGene00006708,1.012565494
WBGene00007044,0.293899
WBGene00001685,3.854055405
WBGene00020135,1.075839639
WBGene00021362,1.307133555
WBGene00007024,1.605350852
WBGene00006797,0.235295594
WBGene00011102,1.083292127
WBGene00004830,1.073586583
WBGene00000222,0.751533806
WBGene00004215,0.732693613
WBGene00003989,2.031668663
WBGene00002233,0.325973898
WBGene00006999,1.536029339
WBGene00015713,0.985328078
WBGene00000068,0.513242006
WBGene00001674,0.562728643
WBGene00020510,1.143387556
WBGene00006870,0.409159333
WBGene00001207,0.758885145
WBGene00002010,2.658931732
WBGene00001262,1.119441986
WBGene00021238,0.337524623
WBGene00006444,0.653268635
WBGene00008975,1.686371565
WBGene00022196,0.930695474
WBGene00002045,3.057123661
WBGene00000160,0.929625154
WBGene00001398,1.781166196
WBGene00050944,0.417071551
WBGene00020092,0.905851662
WBGene00016438,0.500209928
WBGene00002054,2.025985241
WBGene00019726,0.717693925
WBGene00015678,0.546929598
WBGene00011221,0.553462684
WBGene00010419,3.45216918
WBGene00012002,0.559971154
WBGene00019188,1.20196414
WBGene00001491,0.606156111
WBGene00000105,1.797215819
WBGene00003710,0.408896178
WBGene00013847,0.467130423
WBGene00020504,0.542162478
WBGene00004949,0.702818871
WBGene00016103,1.410981894
WBGene00012463,1.207170486
WBGene00018953,0.627596378
WBGene00016139,1.030150414
WBGene00003559,1.491868258
WBGene00004095,0.829952359
WBGene00015141,0.651520967
WBGene00001179,0.431060404
WBGene00009096,1.590992928
WBGene00019465,0.852867842
WBGene00007009,1.240658164
WBGene00004926,1.104152083
WBGene00013415,0.550614595
WBGene00007499,1.121358871
WBGene00010221,1.603126884
WBGene00003566,0.873164833
WBGene00022361,0.885380507
WBGene00022124,0.347350687
WBGene00002012,2.403118372
WBGene00011997,1.584858298
WBGene00013077,1.270651102
WBGene00000455,0.538138449
WBGene00014215,1.238993526
WBGene00001194,0.272232264
WBGene00017201,1.35628593
WBGene00022749,1.455763817
WBGene00011398,0.976852775
WBGene00003569,0.411929697
WBGene00010291,0.494483978
WBGene00012990,0.454823822
WBGene00022501,1.10757792
WBGene00002132,0.439198434
WBGene00017951,0.611780584
WBGene00001333,1.631967902
WBGene00001023,0.791811466
WBGene00001645,0.363004297
WBGene00015748,0.523161054
WBGene00010192,0.348277688
WBGene00004430,4.012634754
WBGene00007365,0.759013236
WBGene00016889,0.2517896
WBGene00004893,1.299597144
WBGene00008570,0.418087691
WBGene00007883,1.361171484
WBGene00012221,0.76213479
WBGene00003943,0.537722826
WBGene00012339,0.865942359
WBGene00008999,1.096939683
WBGene00006970,1.57975173
WBGene00017923,1.774840474
WBGene00016278,0.904190779
WBGene00004410,3.394786835
WBGene00020126,1.788298011
WBGene00006921,2.959002733
WBGene00015803,2.096756458
WBGene00004862,0.644117594
WBGene00004036,0.591879666
WBGene00000975,1.180096149
WBGene00013969,0.907993853
WBGene00001863,0.87313956
WBGene00022668,1.038691878
WBGene00009831,0.266616553
WBGene00004308,0.506722689
WBGene00020762,0.605263948
WBGene00017639,0.177927956
WBGene00044989,0.771426558
WBGene00012530,0.814390361
WBGene00011232,2.279564142
WBGene00017687,1.362708569
WBGene00013024,0.5372774
WBGene00021893,1.326745868
WBGene00021549,0.775888264
WBGene00011198,0.933101535
WBGene00004110,0.301985353
WBGene00013034,0.479073584
WBGene00014088,1.850406289
WBGene00001620,1.742918253
WBGene00044072,0.594660521
WBGene00003893,3.469554424
WBGene00002991,0.390225857
WBGene00003901,2.087188721
WBGene00020725,0.792191029
WBGene00016879,0.516645432
WBGene00010985,0.776698291
WBGene00019663,1.963121057
WBGene00004344,0.639855921
WBGene00007647,0.366607815
WBGene00001484,0.985341847
WBGene00011935,1.623313427
WBGene00003969,0.316752642
WBGene00009172,0.652598739
WBGene00001325,0.371517003
WBGene00006743,1.168977499
WBGene00003010,1.069635749
WBGene00016684,0.486717135
WBGene00018519,3.688912868
WBGene00001178,0.614729762
WBGene00008311,0.540601075
WBGene00013025,2.707084894
WBGene00001459,0.776365578
WBGene00012306,0.70589155
WBGene00017012,0.960823655
WBGene00000188,1.442355275
WBGene00019488,0.621844649
WBGene00021685,0.923464835
WBGene00003052,1.88497293
WBGene00001821,0.728862882
WBGene00007219,0.554541051
WBGene00004719,0.402896851
WBGene00016594,1.292031646
WBGene00020426,0.829918504
WBGene00016706,1.065415263
WBGene00013004,0.907792151
WBGene00009968,0.291761518
WBGene00019698,0.540479243
WBGene00000110,1.432251692
WBGene00004484,3.273736715
WBGene00000476,0.172436327
WBGene00003970,0.643881798
WBGene00000118,0.931956947
WBGene00008229,0.429476827
WBGene00004357,1.133527279
WBGene00002222,0.674344063
WBGene00020158,1.094567418
WBGene00016871,1.389561057
WBGene00016603,0.402415514
WBGene00020499,1.006620646
WBGene00015219,0.485174149
WBGene00018024,0.358701348
WBGene00016500,0.719416201
WBGene00012813,1.135633945
WBGene00002174,0.927817166
WBGene00006959,1.41535449
WBGene00007153,0.474436581
WBGene00016902,0.45221737
WBGene00004225,1.016837478
WBGene00011737,1.510647535
WBGene00009383,0.621056497
WBGene00007554,0.848832607
WBGene00022412,0.433299631
WBGene00014013,0.669520557
WBGene00006408,1.900758505
WBGene00011736,1.220101714
WBGene00009976,0.319899827
WBGene00012982,1.093262196
WBGene00018697,0.70760721
WBGene00000424,0.892018199
WBGene00011474,3.360724688
WBGene00004453,3.219673634
WBGene00015866,0.693472445
WBGene00011953,0.905893862
WBGene00007142,1.928257227
WBGene00019275,1.373278141
WBGene00000090,1.212253332
WBGene00000294,1.954598308
WBGene00008538,0.578073978
WBGene00021078,1.256407022
WBGene00020530,0.457407027
WBGene00009975,0.331565559
WBGene00008880,1.201928735
WBGene00045419,0.270108283
WBGene00011904,0.664255679
WBGene00020696,3.080462217
WBGene00018270,0.857451618
WBGene00011755,0.348286808
WBGene00019158,0.576689303
WBGene00006778,0.741122305
WBGene00015324,0.859428287
WBGene00003623,0.963048518
WBGene00013081,3.416641951
WBGene00010049,2.224783421
WBGene00006710,0.423375249
WBGene00009578,1.294880271
WBGene00018208,0.654939115
WBGene00020891,0.75208652
WBGene00004497,3.502066135
WBGene00019881,0.312157929
WBGene00007348,0.731412172
WBGene00004286,0.472122133
WBGene00021320,0.752515495
WBGene00006777,0.243805021
WBGene00015285,0.435096532
WBGene00002717,0.385650903
WBGene00013307,1.103917837
WBGene00020360,0.340736449
WBGene00044061,0.905560851
WBGene00008882,0.960760236
WBGene00012197,1.024369001
WBGene00010357,0.94118458
WBGene00009793,1.489832878
WBGene00006683,0.550502121
WBGene00009374,0.774653137
WBGene00018757,1.01126349
WBGene00012472,1.338738203
WBGene00011055,1.291061163
WBGene00004417,3.507558346
WBGene00016456,0.589849234
WBGene00007807,0.409235209
WBGene00001330,1.144661307
WBGene00008151,1.211592674
WBGene00015633,0.510297179
WBGene00003921,1.098396778
WBGene00011571,1.260026455
WBGene00020705,1.078583479
WBGene00010428,1.056239367
WBGene00019611,0.434060216
WBGene00002023,2.396505117
WBGene00003695,0.332967013
WBGene00015647,0.686974406
WBGene00001457,2.240420103
WBGene00022201,1.578272939
WBGene00018701,2.680653811
WBGene00011940,0.663495004
WBGene00009958,0.353806615
WBGene00006788,1.058968306
WBGene00015926,0.866198063
WBGene00004736,2.740651846
WBGene00007689,0.675077617
WBGene00000508,0.492264837
WBGene00017789,0.62687093
WBGene00015148,0.506347001
WBGene00013683,0.615941584
WBGene00010259,0.436404318
WBGene00001748,1.422534943
WBGene00003026,0.925617695
WBGene00003828,1.075500488
WBGene00014826,1.987279296
WBGene00003812,0.897266746
WBGene00001621,0.491810858
WBGene00006755,0.640683889
WBGene00013898,0.590324223
WBGene00019097,1.889068604
WBGene00002036,0.93972826
WBGene00015801,0.6027264
WBGene00000273,1.713673711
WBGene00010427,0.186723739
WBGene00006711,0.673276544
WBGene00000040,1.875228167
WBGene00006609,0.468565315
WBGene00007944,0.553924799
WBGene00003607,0.316841036
WBGene00016977,1.264127374
WBGene00015477,1.052630782
WBGene00003822,0.55144757
WBGene00016396,0.270358771
WBGene00015122,1.248566031
WBGene00018117,1.467642546
WBGene00019877,0.513040245
WBGene00000230,2.775992155
WBGene00010911,0.64067167
WBGene00011423,0.377876669
WBGene00003374,0.4399122
WBGene00003233,0.234602705
WBGene00017934,1.443004489
WBGene00022202,0.846705139
WBGene00010897,0.618922651
WBGene00003478,0.571428537
WBGene00020633,1.162095308
WBGene00010593,1.089303851
WBGene00013209,1.212970853
WBGene00003063,1.480886102
WBGene00007720,0.584057212
WBGene00003747,1.013718247
WBGene00012644,0.427336335
WBGene00020679,1.682213902
WBGene00003712,0.572311342
WBGene00010037,0.642428458
WBGene00001510,0.540782571
WBGene00022010,0.863035023
WBGene00021855,0.70192188
WBGene00010040,0.796449184
WBGene00001678,1.11101675
WBGene00008711,0.336294264
WBGene00007685,0.61408478
WBGene00044651,0.297013521
WBGene00003827,0.250037551
WBGene00017838,1.026631355
WBGene00010052,1.492638826
WBGene00006405,0.626623869
WBGene00000170,3.601015091
WBGene00010556,4.030528069
WBGene00010471,1.02463758
WBGene00022053,0.987730324
WBGene00016630,1.78320837
WBGene00001187,0.495785296
WBGene00001403,0.468242824
WBGene00008691,0.487962991
WBGene00007779,0.605175734
WBGene00005655,1.138745308
WBGene00008733,0.468481928
WBGene00022047,0.702630699
WBGene00000232,0.327681512
WBGene00004987,1.492103815
WBGene00011259,0.470142335
WBGene00012421,0.979784608
WBGene00000831,2.195538521
WBGene00008622,1.023683667
WBGene00015547,1.284625053
WBGene00004096,0.72126168
WBGene00019993,0.590474427
WBGene00002219,1.519720197
WBGene00000102,0.693606853
WBGene00020683,1.414534092
WBGene00011072,2.000379324
WBGene00019628,0.665007591
WBGene00016898,2.68586421
WBGene00006567,0.855302632
WBGene00013544,1.096580625
WBGene00003149,0.959229231
WBGene00004258,1.297925234
WBGene00018990,0.484215558
WBGene00006910,1.549365401
WBGene00017427,0.343846649
WBGene00001596,0.615601897
WBGene00021929,1.205686212
WBGene00012007,0.780204892
WBGene00015476,0.46375832
WBGene00012468,1.022310376
WBGene00022037,1.961310863
WBGene00012546,1.551342607
WBGene00010059,0.942192733
WBGene00019353,0.650719762
WBGene00017928,0.868739307
WBGene00001669,0.308340728
WBGene00003968,0.913493276
WBGene00003956,0.584186852
WBGene00004443,4.404230118
WBGene00009097,2.503624439
WBGene00022861,0.881282866
WBGene00000870,1.539236665
WBGene00000003,0.860994518
WBGene00010772,0.897695899
WBGene00018857,0.733427942
WBGene00000955,0.338237911
WBGene00020629,0.946437776
WBGene00022115,0.448537707
WBGene00009430,1.074015498
WBGene00010199,0.952928305
WBGene00000832,0.742536843
WBGene00015301,0.329526424
WBGene00013866,1.451903582
WBGene00015501,0.238481387
WBGene00007116,0.917646766
WBGene00003858,0.504960179
WBGene00018316,0.211114734
WBGene00021063,1.056922436
WBGene00018819,1.053028584
WBGene00008925,0.620341957
WBGene00021751,0.646169603
WBGene00000459,0.440595299
WBGene00006798,0.714097381
WBGene00004403,0.582887232
WBGene00002146,0.718632519
WBGene00020301,0.583409667
WBGene00018586,1.681388259
WBGene00018285,0.675026715
WBGene00009306,1.485396743
WBGene00001032,0.833749771
WBGene00011050,1.007310987
WBGene00011897,0.599546373
WBGene00001565,0.410321534
WBGene00001131,0.968409717
WBGene00008169,1.825068355
WBGene00012980,0.737345755
WBGene00004208,0.984946311
WBGene00002202,1.762330651
WBGene00007091,0.783863008
WBGene00012894,0.892245054
WBGene00014092,0.493524909
WBGene00000169,0.910624921
WBGene00020185,2.145862341
WBGene00000407,0.567336202
WBGene00017908,1.68299818
WBGene00018764,1.259798527
WBGene00017852,0.575028598
WBGene00004727,0.842865348
WBGene00000431,0.463675916
WBGene00007736,1.022413373
WBGene00012559,0.844368994
WBGene00008220,0.69939661
WBGene00013325,1.746841192
WBGene00008274,0.55803746
WBGene00011692,0.341923088
WBGene00013323,0.607365608
WBGene00003048,0.788682342
WBGene00003609,0.358685434
WBGene00017385,1.085913658
WBGene00022127,2.858320713
WBGene00002990,0.669606149
WBGene00012529,0.731637895
WBGene00013560,0.355617762
WBGene00000393,0.826802015
WBGene00017613,2.677688837
WBGene00016432,0.41573742
WBGene00003144,1.237294793
WBGene00000894,1.021222115
WBGene00020706,1.205107331
WBGene00003916,0.568217278
WBGene00004829,0.34349668
WBGene00021170,1.143954873
WBGene00018700,0.522271156
WBGene00022425,0.555562675
WBGene00004900,0.839504302
WBGene00014139,1.276746869
WBGene00020462,0.265748531
WBGene00013577,1.438795328
WBGene00006780,0.846396029
WBGene00022185,1.099571109
WBGene00016704,0.769689083
WBGene00000822,1.878830314
WBGene00001461,1.002116323
WBGene00001447,1.112952352
WBGene00000225,1.056866407
WBGene00021834,0.91783911
WBGene00016540,0.576053143
WBGene00008450,0.817086339
WBGene00003582,0.461054355
WBGene00018512,0.31189689
WBGene00017380,0.769642472
WBGene00008780,1.085784674
WBGene00002243,0.617205739
WBGene00015650,0.938545585
WBGene00014232,0.628476322
WBGene00017195,0.537359774
WBGene00017646,0.432615787
WBGene00000803,1.155620217
WBGene00000528,1.466043949
WBGene00020447,0.873092592
WBGene00011185,0.729989171
WBGene00003047,0.92276299
WBGene00004774,0.838945627
WBGene00019836,0.7893942
WBGene00008194,0.618590474
WBGene00000993,1.630606651
WBGene00015295,0.844922841
WBGene00009116,0.246406063
WBGene00017749,0.873393476
WBGene00006635,1.236882091
WBGene00001160,0.610706747
WBGene00022059,0.974239469
WBGene00000980,0.547982216
WBGene00004783,0.944179237
WBGene00013378,1.060295343
WBGene00007025,0.56005156
WBGene00008963,1.085226655
WBGene00017292,0.480012476
WBGene00001335,0.982836902
WBGene00018467,0.74252671
WBGene00002295,0.408168703
WBGene00021021,1.102728367
WBGene00021324,0.861243963
WBGene00004894,0.419048876
WBGene00000542,1.103088379
WBGene00000083,0.855074286
WBGene00014115,0.412249058
WBGene00016166,0.730027318
WBGene00022276,1.408658028
WBGene00019322,3.759926796
WBGene00015181,1.516536832
WBGene00010522,0.423097759
WBGene00020827,0.350447148
WBGene00003830,0.43072322
WBGene00008521,0.896110952
WBGene00000298,1.295726895
WBGene00001784,1.568515658
WBGene00006815,0.943409622
WBGene00020012,0.659601688
WBGene00017237,0.484896243
WBGene00006816,1.246569633
WBGene00002239,0.771178961
WBGene00000420,0.745357096
WBGene00044191,0.720241606
WBGene00020155,2.338489532
WBGene00003986,0.880679905
WBGene00004486,3.867511749
WBGene00003624,0.599412501
WBGene00018491,3.10515213
WBGene00006503,1.062383175
WBGene00012641,0.945561647
WBGene00004113,0.583491445
WBGene00011409,1.092548847
WBGene00018976,1.032166243
