AA,Codon,Posterior,0.025%,0.975%
A,GCA,0.7192328992486,0.674647927284241,0.764701227347056
A,GCC,-0.532924260511994,-0.576706647872925,-0.491598576307297
A,GCG,0.148047803179175,0.107353836297989,0.18856390491128
A,GCT,0,0,0
C,TGC,-0.751193461585045,-0.811945470174154,-0.693239812552929
C,TGT,0,0,0
D,GAC,-0.532334039404988,-0.57312023639679,-0.49382283265392
D,GAT,0,0,0
E,GAA,0.880192008274794,0.829424415032069,0.929219250380993
E,GAG,0,0,0
F,TTC,-1.02778117910028,-1.08290227452914,-0.97250387519598
F,TTT,0,0,0
G,GGA,-0.458481700378656,-0.498691464215517,-0.419602269182603
G,GGC,-0.357252016881108,-0.409926354885101,-0.308551163226366
G,GGG,-0.00321051335878708,-0.0573944685359796,0.0501336525504788
G,GGT,0,0,0
H,CAC,-0.677925796043873,-0.731314697364966,-0.625401894251505
H,CAT,0,0,0
I,ATA,1.1207306371212,1.05613470077515,1.1889829536279
I,ATC,-0.882687908875942,-0.932058537006378,-0.833017890652021
I,ATT,0,0,0
K,AAA,1.11996336406469,1.06416396697362,1.17534913321336
K,AAG,0,0,0
L,CTA,0.603803191912174,0.548638053735097,0.655417740345001
L,CTC,-0.753449647551775,-0.809526768823465,-0.699089042345683
L,CTG,-0.296069043426216,-0.343954712152481,-0.254536980638901
L,CTT,-0.12679624828808,-0.160834216947357,-0.0919650703668594
L,TTA,1.44954513292313,1.36069918374221,1.52016775608063
L,TTG,0,0,0
N,AAC,-0.747306007140875,-0.793344810108344,-0.702472348014514
N,AAT,0,0,0
P,CCA,-0.847539252060652,-0.904433406392733,-0.792524587611357
P,CCC,-0.527208478567004,-0.596729641656081,-0.463464013238748
P,CCG,-0.755458975321054,-0.821146190166473,-0.697751698394616
P,CCT,0,0,0
Q,CAA,0.411804626044631,0.37450514882803,0.450720912963152
Q,CAG,0,0,0
R,AGA,0.762750877475739,0.71683597912391,0.807569265365601
R,AGG,0.933415071332455,0.8629944379131,1.00701398849487
R,CGA,0.940292817825079,0.89244625767072,0.991747422516346
R,CGC,-0.293252581307292,-0.343642205993334,-0.247308791304628
R,CGG,0.573363587719202,0.523704382280509,0.624175389111042
R,CGT,0,0,0
S,TCA,0.365114354091883,0.327685461690028,0.403479652603467
S,TCC,-0.6042565364182,-0.654135095576445,-0.552733873824279
S,TCG,-0.497195622599125,-0.542510615289211,-0.452158987522125
S,TCT,0,0,0
T,ACA,0.465447963479161,0.423253434896469,0.507366936902205
T,ACC,-0.763715197324753,-0.81824077218771,-0.712336680789789
T,ACG,-0.126581236724183,-0.166561484212677,-0.0845949500799179
T,ACT,0,0,0
V,GTA,0.548798385030031,0.499651738504569,0.594576929012934
V,GTC,-0.759813227897882,-0.806721152861913,-0.711786564191182
V,GTG,-0.308035349264741,-0.349226069202026,-0.269537288943927
V,GTT,0,0,0
Y,TAC,-0.839351875925064,-0.894754589100679,-0.786760778725147
Y,TAT,0,0,0
Z,AGC,-0.880430537730455,-0.945776790380478,-0.81419050693512
Z,AGT,0,0,0
