Codon,adult1,adult2,dauer1,dauer2,emb1,emb2,L3L4_1,L3L4_2,Larvae1,Larvae2
GCA,0.143642326,0.143642326,0.176680082,0.176680082,0.146780573,0.145812498,0.071327996,0.071064152,0.149558854,0.149526724
GCC,-1.435656488,-1.435656488,-1.469594739,-1.469594739,-1.43391266,-1.423248854,-1.354591541,-1.355646304,-1.390663789,-1.388219636
GCG,0.366923294,0.366923294,0.336416145,0.336416145,0.472553462,0.46859802,0.370142117,0.369816895,0.40330564,0.402710733
GCT,0,0,0,0,0,0,0,0,0,0
TGC,-1.500369873,-1.500369873,-1.569440157,-1.569440157,-1.546461117,-1.535344177,-1.447120298,-1.448367956,-1.582947937,-1.580857092
TGT,0,0,0,0,0,0,0,0,0,0
GAC,-0.953652453,-0.953652453,-0.958746755,-0.958746755,-0.955464633,-0.948693649,-0.885549268,-0.886132408,-0.94022316,-0.939237886
GAT,0,0,0,0,0,0,0,0,0,0
GAA,2.03312156,2.03312156,2.110315327,2.110315327,2.052772579,2.037722494,1.987481016,1.988885445,2.070022557,2.067724841
GAG,0,0,0,0,0,0,0,0,0,0
TTC,-1.369080524,-1.369080524,-1.43778685,-1.43778685,-1.360776087,-1.350890598,-1.276065355,-1.277011655,-1.315448379,-1.313358333
TTT,0,0,0,0,0,0,0,0,0,0
GGA,-1.112079104,-1.112079104,-1.17645534,-1.17645534,-1.117374998,-1.108852216,-1.086636788,-1.087201867,-1.143331695,-1.141540237
GGC,-0.528978544,-0.528978544,-0.642112414,-0.642112414,-0.518059625,-0.513903662,-0.516214582,-0.516740503,-0.609991905,-0.608727252
GGG,0.893512307,0.893512307,1.034406104,1.034406104,0.942822392,0.93571291,0.921216369,0.923065772,0.853567835,0.852911135
GGT,0,0,0,0,0,0,0,0,0,0
CAC,-1.615397719,-1.615397719,-1.697826642,-1.697826642,-1.627536729,-1.615691019,-1.578861789,-1.579229481,-1.644121656,-1.641614412
CAT,0,0,0,0,0,0,0,0,0,0
ATA,1.119624851,1.119624851,1.209180129,1.209180129,1.082044657,1.074113463,1.069619221,1.070172958,1.038979873,1.037871421
ATC,-0.960258846,-0.960258846,-0.991007529,-0.991007529,-0.929219245,-0.922211408,-0.830551245,-0.831192454,-0.936926281,-0.935596868
ATT,0,0,0,0,0,0,0,0,0,0
AAA,2.335070752,2.335070752,2.348419897,2.348419897,2.348151087,2.331423752,2.238601331,2.239754602,2.316709274,2.314053503
AAG,0,0,0,0,0,0,0,0,0,0
CTA,0.450927206,0.450927206,0.558531635,0.558531635,0.453128844,0.450253921,0.439869265,0.440791911,0.457208873,0.457255365
CTC,-1.86325033,-1.86325033,-1.99016782,-1.99016782,-1.880885503,-1.866643007,-1.827922761,-1.828867325,-1.885622883,-1.883359283
CTG,-1.087421761,-1.087421761,-1.167510781,-1.167510781,-1.08051094,-1.072764064,-1.069828477,-1.070866784,-1.144161589,-1.143606459
CTT,-0.298137993,-0.298137993,-0.274233134,-0.274233134,-0.263621909,-0.261586497,-0.267890306,-0.268066304,-0.241332489,-0.241232282
TTA,3.453425682,3.453425682,3.756949047,3.756949047,3.589687872,3.563218176,3.465132685,3.467316504,3.597957323,3.593075773
TTG,0,0,0,0,0,0,0,0,0,0
AAC,-1.434729412,-1.434729412,-1.435809446,-1.435809446,-1.458936155,-1.448458024,-1.337063405,-1.337911307,-1.429785758,-1.427756715
AAT,0,0,0,0,0,0,0,0,0,0
CCA,0.159530017,0.159530017,0.199907249,0.199907249,0.162579635,0.161896945,0.305271097,0.305214794,0.236188973,0.236378869
CCC,-1.782590969,-1.782590969,-1.872615143,-1.872615143,-1.792162698,-1.778493932,-1.742665311,-1.744324179,-1.789394123,-1.786118252
CCG,-0.552694847,-0.552694847,-0.667773642,-0.667773642,-0.526544888,-0.522005987,-0.489454388,-0.489762859,-0.557820618,-0.557099571
CCT,0,0,0,0,0,0,0,0,0,0
CAA,1.290489214,1.290489214,1.361146415,1.361146415,1.300785058,1.291551782,1.286698504,1.287571939,1.320562131,1.318329318
CAG,0,0,0,0,0,0,0,0,0,0
AGA,0.472187479,0.472187479,0.564711598,0.564711598,0.442059038,0.438893174,0.393269626,0.393793186,0.399514621,0.399224425
AGG,1.037337203,1.037337203,1.318018601,1.318018601,1.136188912,1.128504753,1.029027203,1.030010551,1.07537512,1.073338943
CGA,0.421708116,0.421708116,0.469250476,0.469250476,0.469148705,0.465913926,0.302351293,0.302442089,0.43762807,0.436701796
CGC,-0.927102074,-0.927102074,-0.999623677,-0.999623677,-0.895998953,-0.889340143,-0.889904732,-0.890820378,-0.984196526,-0.982373652
CGG,1.26975616,1.26975616,1.421558201,1.421558201,1.356056692,1.346424351,1.271746655,1.272167449,1.366974303,1.365864009
CGT,0,0,0,0,0,0,0,0,0,0
TCA,0.942735682,0.942735682,0.976100869,0.976100869,0.965263356,0.958287353,0.918275374,0.918212125,1.022786496,1.02144554
TCC,-1.392508814,-1.392508814,-1.420436174,-1.420436174,-1.374407176,-1.363962185,-1.311221701,-1.312160692,-1.365869304,-1.364244738
TCG,-0.753893137,-0.753893137,-0.893637679,-0.893637679,-0.72537226,-0.720222456,-0.717842576,-0.719012237,-0.768570228,-0.767807498
TCT,0,0,0,0,0,0,0,0,0,0
ACA,0.904709605,0.904709605,0.894549547,0.894549547,0.908739122,0.9019672,0.845848067,0.846215157,0.951570392,0.950386819
ACC,-1.412722165,-1.412722165,-1.442869713,-1.442869713,-1.41100943,-1.400548648,-1.335247638,-1.335915441,-1.385285484,-1.383291985
ACG,0.299115066,0.299115066,0.194801881,0.194801881,0.349229803,0.346199301,0.242402959,0.242213126,0.31909467,0.319213111
ACT,0,0,0,0,0,0,0,0,0,0
GTA,1.647204073,1.647204073,1.825477817,1.825477817,1.695102937,1.682490157,1.66165985,1.662513171,1.740782201,1.738805845
GTC,-1.110153119,-1.110153119,-1.200822317,-1.200822317,-1.132977135,-1.124841808,-1.043255079,-1.044023852,-1.154573412,-1.15262421
GTG,-0.607736042,-0.607736042,-0.634255939,-0.634255939,-0.594058808,-0.590232678,-0.606122753,-0.606545674,-0.628590103,-0.627257369
GTT,0,0,0,0,0,0,0,0,0,0
TAC,-1.467827537,-1.467827537,-1.530438292,-1.530438292,-1.452246792,-1.441406629,-1.375381636,-1.375686968,-1.44446713,-1.442526135
TAT,0,0,0,0,0,0,0,0,0,0
AGC,-0.746704444,-0.746704444,-0.837339833,-0.837339833,-0.746317496,-0.740853901,-0.670911808,-0.671158197,-0.810428908,-0.809402291
AGT,0,0,0,0,0,0,0,0,0,0