AA,Codon,Dauer,Emb,L3L4,Larvae,WholeGenome
A,GCA,0.176680082,0.145812498,0.071064152,0.149526724,0.698340919
A,GCC,-1.469594739,-1.423248854,-1.355646304,-1.388219636,-0.440207356
A,GCG,0.336416145,0.46859802,0.369816895,0.402710733,0.205236653
A,GCT,0,0,0,0,0
C,TGC,-1.569440157,-1.535344177,-1.448367956,-1.580857092,-0.605507282
C,TGT,0,0,0,0,0
D,GAC,-0.958746755,-0.948693649,-0.886132408,-0.939237886,-0.473643532
D,GAT,0,0,0,0,0
E,GAA,2.110315327,2.037722494,1.988885445,2.067724841,0.773902017
E,GAG,0,0,0,0,0
F,TTC,-1.43778685,-1.350890598,-1.277011655,-1.313358333,-0.993145879
F,TTT,0,0,0,0,0
G,GGA,-1.17645534,-1.108852216,-1.087201867,-1.141540237,-0.40472358
G,GGC,-0.642112414,-0.513903662,-0.516740503,-0.608727252,-0.219188958
G,GGG,1.034406104,0.93571291,0.923065772,0.852911135,0.084695347
G,GGT,0,0,0,0,0
H,CAC,-1.697826642,-1.615691019,-1.579229481,-1.641614412,-0.614219351
H,CAT,0,0,0,0,0
I,ATA,1.209180129,1.074113463,1.070172958,1.037871421,1.084718851
I,ATC,-0.991007529,-0.922211408,-0.831192454,-0.935596868,-0.803314146
I,ATT,0,0,0,0,0
K,AAA,2.348419897,2.331423752,2.239754602,2.314053503,1.095689986
K,AAG,0,0,0,0,0
L,CTA,0.558531635,0.450253921,0.440791911,0.457255365,0.578444243
L,CTC,-1.99016782,-1.866643007,-1.828867325,-1.883359283,-0.695476305
L,CTG,-1.167510781,-1.072764064,-1.070866784,-1.143606459,-0.219137972
L,CTT,-0.274233134,-0.261586497,-0.268066304,-0.241232282,-0.200146705
L,TTA,3.756949047,3.563218176,3.467316504,3.593075773,1.435947833
L,TTG,0,0,0,0,0
N,AAC,-1.435809446,-1.448458024,-1.337911307,-1.427756715,-0.76407722
N,AAT,0,0,0,0,0
P,CCA,0.199907249,0.161896945,0.305214794,0.236378869,-0.826263395
P,CCC,-1.872615143,-1.778493932,-1.744324179,-1.786118252,-0.4004327
P,CCG,-0.667773642,-0.522005987,-0.489762859,-0.557099571,-0.597489412
P,CCT,0,0,0,0,0
Q,CAA,1.361146415,1.291551782,1.287571939,1.318329318,0.30124812
Q,CAG,0,0,0,0,0
R,AGA,0.564711598,0.438893174,0.393793186,0.399224425,0.665500147
R,AGG,1.318018601,1.128504753,1.030010551,1.073338943,0.889899896
R,CGA,0.469250476,0.465913926,0.302442089,0.436701796,0.94641074
R,CGC,-0.999623677,-0.889340143,-0.890820378,-0.982373652,-0.282081314
R,CGG,1.421558201,1.346424351,1.272167449,1.365864009,0.6354207
R,CGT,0,0,0,0,0
S,TCA,0.976100869,0.958287353,0.918212125,1.02144554,0.392338893
S,TCC,-1.420436174,-1.363962185,-1.312160692,-1.364244738,-0.529766852
S,TCG,-0.893637679,-0.720222456,-0.719012237,-0.767807498,-0.291976455
S,TCT,0,0,0,0,0
T,ACA,0.894549547,0.9019672,0.846215157,0.950386819,0.443440214
T,ACC,-1.442869713,-1.400548648,-1.335915441,-1.383291985,-0.718693506
T,ACG,0.194801881,0.346199301,0.242213126,0.319213111,-0.053241566
T,ACT,0,0,0,0,0
V,GTA,1.825477817,1.682490157,1.662513171,1.738805845,0.586128171
V,GTC,-1.200822317,-1.124841808,-1.044023852,-1.15262421,-0.628577451
V,GTG,-0.634255939,-0.590232678,-0.606545674,-0.627257369,-0.144099227
V,GTT,0,0,0,0,0
Y,TAC,-1.530438292,-1.441406629,-1.375686968,-1.442526135,-0.805039784
Y,TAT,0,0,0,0,0
Z,AGC,-0.837339833,-0.740853901,-0.671158197,-0.809402291,-0.726569831
Z,AGT,0,0,0,0,0
