AA,Codon,Posterior,Std.Dev,0.025%,0.975%
A,GCA,1.31036048446894,0.420771449418666,0.834559512138367,2.41327631473541
A,GCC,-0.259669686950371,0.098195154062085,-0.487198417882125,-0.102334379218519
A,GCG,2.63959592030048,0.938843597242641,1.69342578152816,5.35189980268479
A,GCT,0,0,0,0
C,TGC,-1.38469208910465,0.462223617504904,-2.57604765892029,-0.837451288600762
C,TGT,0,0,0,0
D,GAC,-0.508473701402545,0.179476125244257,-0.963171184062958,-0.281848653157552
D,GAT,0,0,0,0
E,GAA,0.675866191619635,0.219815441136632,0.426780132452647,1.2495291531086
E,GAG,0,0,0,0
F,TTC,-1.18390877122879,0.373694844077625,-2.12315775553385,-0.735486976802349
F,TTT,0,0,0,0
G,GGA,-2.01470500094891,0.657406212823641,-3.69097113013268,-1.31184319257736
G,GGC,0.567047098906338,0.25767783062248,0.157268588369091,1.18880507449309
G,GGG,-0.209444864439279,0.228511317906839,-0.736938748757044,0.203954791277647
G,GGT,0,0,0,0
H,CAC,-1.34293981693983,0.450284120717862,-2.50432405869166,-0.823125475645065
H,CAT,0,0,0,0
I,ATA,2.20807740308046,0.736473006038995,1.28041133781274,4.0649698416392
I,ATC,-0.64007356826663,0.210675415093963,-1.17337532043457,-0.381001911312342
I,ATT,0,0,0,0
K,AAA,1.53223918050528,0.483846287696903,1.00959694385529,2.77750969727834
K,AAG,0,0,0,0
L,CTA,3.15553454897404,0.993461602731572,2.03453552722931,5.66292024850846
L,CTC,-0.913886404955387,0.286601160055717,-1.60069491167863,-0.559629535675048
L,CTG,0.919633279925585,0.38724221843901,0.431860370437304,1.99876263439655
L,CTT,-1.15611098510027,0.349829168247246,-1.94661990205447,-0.726340132455031
L,TTA,2.7434787664175,0.735247491910683,1.65555060009162,4.47170100212097
L,TTG,0,0,0,0
N,AAC,-1.43786525685787,0.459306427205507,-2.61280914346377,-0.942562060554822
N,AAT,0,0,0,0
P,CCA,-3.19785649423599,1.03941567688287,-5.87317701975505,-2.08039914369583
P,CCC,0.448877666880609,0.341482581616495,-0.196625533079108,1.17341828346252
P,CCG,0.386256918297992,0.27772668075253,-0.109968803574642,1.00401690800985
P,CCT,0,0,0,0
Q,CAA,-0.944118725991249,0.305795873433221,-1.73737833102544,-0.601061058541139
Q,CAG,0,0,0,0
R,AGA,0.854062587380409,0.288219390954715,0.516318674882253,1.5721494158109
R,AGG,2.91553342533112,0.865407885139831,1.788454357783,5.16663205226262
R,CGA,2.65916314253807,0.781556168147768,1.76312202612559,4.56127313375473
R,CGC,-0.306541515923338,0.136641967651877,-0.670127394298712,-0.123527103414138
R,CGG,3.39558982074261,1.12894620359921,2.02635372082392,5.81348403294881
R,CGT,0,0,0,0
S,TCA,1.10443162273169,0.351462595104461,0.693240217367808,2.03463913400968
S,TCC,-0.474616672927141,0.178349778024302,-0.967807862659295,-0.25999685699741
S,TCG,1.41050549432039,0.445491395224208,0.902727281053861,2.62531087398529
S,TCT,0,0,0,0
T,ACA,1.35626554635763,0.446398224737203,0.86615496079127,2.51702368458112
T,ACC,-0.829628154069185,0.269633970257627,-1.49269276559353,-0.514198958873749
T,ACG,1.61278290249109,0.556817526974906,1.00828497807185,3.29033941427867
T,ACT,0,0,0,0
V,GTA,1.5144811386466,0.468360180961777,0.931046929458777,2.68240277171135
V,GTC,-0.0307622474892771,0.0752344172312583,-0.189494900157054,0.110713315258424
V,GTG,1.5087332742095,0.491918925854083,0.963373534878095,2.81086763342222
V,GTT,0,0,0,0
Y,TAC,-1.11850586080551,0.369786899276203,-2.05497422019641,-0.67537670781215
Y,TAT,0,0,0,0
Z,AGC,-1.29716809126139,0.477692272830293,-2.50544085303942,-0.709860542416573
Z,AGT,0,0,0,0
