AA,Codon,Larvae,Dauer,Emb,L3L4,Adult
A,GCA,1.266047357,1.294832673,1.24243856,1.154685989,1.237593149
A,GCC,-1.320117193,-1.387648725,-1.352288425,-1.251592801,-1.379918759
A,GCG,0.384961956,0.317741142,0.447389244,0.344453235,0.354033534
A,GCT,0,0,0,0,0
C,TGC,-1.535924258,-1.508673925,-1.486763383,-1.361821183,-1.467229937
C,TGT,0,0,0,0,0
D,GAC,-0.912527825,-0.922227763,-0.918359989,-0.832842946,-0.931495623
D,GAT,0,0,0,0,0
E,GAA,2.006595109,2.028177673,1.970478144,1.866916024,1.985846619
E,GAG,0,0,0,0,0
F,TTC,-1.275890694,-1.382323846,-1.307498447,-1.201682577,-1.337989338
F,TTT,0,0,0,0,0
G,GGA,-1.10746338,-1.132568472,-1.074037821,-1.021724394,-1.086701981
G,GGC,-0.589969932,-0.617924394,-0.496684678,-0.483261557,-0.515738571
G,GGG,0.829573428,0.98966091,0.90511203,0.868473498,0.873670246
G,GGT,0,0,0,0,0
H,CAC,-1.594317669,-1.631844596,-1.564154696,-1.485094955,-1.580342541
H,CAT,0,0,0,0,0
I,ATA,1.008239825,1.162304485,1.040494497,1.007728688,1.095910866
I,ATC,-0.908201021,-0.952898271,-0.893099253,-0.781545712,-0.938339302
I,ATT,0,0,0,0,0
K,AAA,2.247303222,2.259160816,2.256704849,2.105177475,2.281323126
K,AAG,0,0,0,0,0
L,CTA,0.443575093,0.539915901,0.439346472,0.413964615,0.439515639
L,CTC,-1.828372455,-1.910950158,-1.80253776,-1.713457791,-1.818205868
L,CTG,-1.10437744,-1.119738009,-1.032013741,-1.008094892,-1.051595431
L,CTT,-0.235800789,-0.263423436,-0.252374026,-0.258452779,-0.294331679
L,TTA,3.472333275,3.599811212,3.441744775,3.241970241,3.36572385
L,TTG,0,0,0,0,0
N,AAC,-1.388317688,-1.380560141,-1.40249587,-1.257516927,-1.401919512
N,AAT,0,0,0,0,0
P,CCA,0.228654499,0.193442912,0.156085356,0.285319128,0.155513199
P,CCC,-1.733955095,-1.795894931,-1.717965804,-1.635048995,-1.738499515
P,CCG,-0.54121919,-0.638660824,-0.503323376,-0.46041312,-0.538285924
P,CCT,0,0,0,0,0
Q,CAA,1.278768422,1.308421395,1.249464291,1.209154442,1.261018461
Q,CAG,0,0,0,0,0
R,AGA,0.387842338,0.542858576,0.424979397,0.371429249,0.463685935
R,AGG,1.043262585,1.263912615,1.094086655,0.968771455,1.016283622
R,CGA,0.425262926,0.44955082,0.45326827,0.2856357,0.414166815
R,CGC,-0.953459866,-0.959930615,-0.859616735,-0.836041931,-0.90307201
R,CGG,1.326700014,1.364475546,1.305108998,1.196455978,1.245570231
R,CGT,0,0,0,0,0
S,TCA,0.992227074,0.939052901,0.927833894,0.863532723,0.923128595
S,TCC,-1.323879197,-1.364475787,-1.319322453,-1.231729079,-1.357592172
S,TCG,-0.744190467,-0.856102674,-0.696357247,-0.673681772,-0.732824712
S,TCT,0,0,0,0,0
T,ACA,0.922316784,0.860833462,0.874264566,0.795916432,0.884029374
T,ACC,-1.343426468,-1.385037585,-1.355768994,-1.255327093,-1.380361941
T,ACG,0.310192984,0.190445338,0.337396919,0.22673153,0.294052346
T,ACT,0,0,0,0,0
V,GTA,1.686126518,1.753780141,1.62794969,1.562813084,1.610543305
V,GTC,-1.11817723,-1.153008086,-1.08664895,-0.978213259,-1.082450937
V,GTG,-0.606704377,-0.608754281,-0.568706685,-0.566991787,-0.590152313
V,GTT,0,0,0,0,0
Y,TAC,-1.401921003,-1.471397926,-1.395475028,-1.293369953,-1.435030946
Y,TAT,0,0,0,0,0
Z,AGC,-0.787264325,-0.805545326,-0.718565646,-0.63141377,-0.730210112
Z,AGT,0,0,0,0,0
